uuid,link
019a2f1e-e94b-738c-9268-5a8d1cd2cde7,google.com
019a2eb1-3372-750f-b2ac-5972cf43fb97,mail.ru
019a2d72-1572-737a-82cd-aefb5c2bd8a4,microsoft.com
0195b83b-02da-7447-aed8-f77e52529a57,facebook.com
019a2c15-c36b-732e-8fa6-4e1387bdcd44,cloudflare.com
019a1f24-2353-76fa-8509-c180c862671f,amazonaws.com
019a2eed-5d9d-719e-af5e-c887a127694a,googleapis.com
019a2eb7-bb86-755f-8736-dced3e35419a,dzen.ru
019a2f12-c873-761c-befc-ef590ae22824,youtube.com
93ed3288-290f-41c4-9c1c-46dd7657b709,instagram.com
019a2df4-907d-7498-935b-4431f3033bd7,gstatic.com
019a2ab7-3a6f-705b-a1ff-0e6d07e75a6e,office.com
019895e0-85fb-7421-9e44-644086d0a4b1,twitter.com
170704fe-c496-4a11-b297-86679367dca9,gtld-servers.net
46d1597f-04d6-4aad-8a89-d3c9b887ace3,akamai.net
019a2b43-419e-7469-bb18-a39b3f8cff41,live.com
019a2f16-c666-770f-9754-e84c81f5d753,linkedin.com
019a0fae-d1e0-7491-98dc-502aa14216a1,googlevideo.com
c869601d-0ef0-4320-9004-db87ad956a9b,akamaiedge.net
019a2dbb-2282-73ec-bbb6-9db1c8856bde,googletagmanager.com
019a2d72-17bb-70cc-8a23-1c83c5374165,amazon.com
019a29d0-457a-7121-b003-815b625f6ae6,fbcdn.net
fdf18708-e041-4b43-afbc-113bbf721ff8,akadns.net
019a1907-68b0-747f-a371-d48b1a19a883,googleusercontent.com
019a2619-42e2-763e-952c-60439a915155,workers.dev
019a24cb-036a-731c-ae24-05b82328bf3e,doubleclick.net
482d56f7-0958-44cb-b56a-c7c366199907,windowsupdate.com
019a2c7b-b8e0-7419-acee-1d0a0277a6c2,wikipedia.org
019a2347-6b80-70d3-ba9f-3b3f0b0587f4,azure.com
019a2a97-b367-725c-9744-748914b63ecd,bing.com
01992dfe-9bd2-714a-b80e-6043bc2b08ac,github.com
0293bbb0-2871-4f8a-8cc2-8377ca34d047,t-msedge.net
019a2cef-4ba8-7323-bdf1-3ed462d1d20c,whatsapp.net
e470ead5-8278-4164-888e-7beaac7cd648,office.net
019a1794-43d4-77dc-b298-8ed2348d80dc,fastly.net
019a2cb0-c156-704a-bce3-b0c6002d426c,netflix.com
019a1a5d-75d3-76a9-8e8b-c2ad2eea3c8e,wordpress.org
019a24fc-8815-7778-85ab-e8fe8ab17e27,digicert.com
0199db91-c0ae-707a-998b-aa78723b331f,appsflyersdk.com
b4b0d80f-420e-426a-a61c-69f20c019243,apple-dns.net
f6c4fbb6-80f2-4aeb-894d-e1d03b60a019,aaplimg.com
01983b63-1ec2-7128-8408-9bab1e0dce8c,youtu.be
bf986056-33a7-4180-ba73-71790d2d94c2,pinterest.com
019a278c-3410-719e-b30d-9a41c89291bf,googlesyndication.com
901d2069-aff2-4784-95fc-441ba5d0bd0b,trafficmanager.net
019a2cb0-bfcc-71bc-812a-b191dae5827c,yahoo.com
98b08795-49d5-4f3a-91aa-d2613b2a0565,sharepoint.com
01996e41-dcd7-732b-b44e-299832aea2b8,nic.ru
93b1afc7-ebd4-4d43-ada6-8c534981d63e,tiktokcdn.com
019a29f0-5960-7488-85e4-7fb2eccc5ca3,windows.net
019a1063-a23d-757a-bd85-22e88c949a6f,ntp.org
019a2eb4-7230-71be-b9f2-0c8e557f836b,whatsapp.com
019a0308-2358-740e-8a5c-8d5376048e6c,domaincontrol.com
019a24fe-500a-7408-a5ee-925cbf1e628a,skype.com
019a2b2a-f515-70ef-b671-0b53001f52a3,msn.com
019a2a1f-2d03-7165-b887-5d27e9fd553f,goo.gl
019a2d72-1614-724e-a850-94e847f888f4,adobe.com
019773aa-2579-747a-ab5d-5bc8f5080880,tiktok.com
019a2e0b-3fa1-71ef-b5ad-2bf34e33bd57,roblox.com
d8ca4a17-27b5-4077-9284-d74bb755ca15,gvt2.com
019a2c6a-9335-71d5-b4e3-dc826dab8cba,vimeo.com
019a26c0-7911-7011-9cd5-1499e478827a,spotify.com
0198a34c-ad6b-70ad-8cc0-b742fd04085e,x.com
3fcc1d61-0e6a-42be-b717-a21fccfd3e12,cloudfront.net
69920e1c-067e-44d1-9cba-39e70137b218,gvt1.com
d995392b-225e-40c8-835e-8c07f2c74e27,akam.net
019a2b21-97ab-72aa-a5ea-a4a0d60aef07,tiktokv.com
019a2730-e14a-735f-bddb-cbe763ab4955,gandi.net
ea8b2344-285d-44d1-98e1-c3c860dec60a,ytimg.com
019a2f25-04a8-76fd-97e0-757cfb600b46,bit.ly
0199c764-fcf1-72e6-84fc-57aee0257e2e,cloudflare.net
019a1938-7264-74da-893c-75765193abc1,qq.com
0196e7cc-318d-772d-bf89-288c88521604,zoom.us
3296b9dc-a218-4065-9ff3-2668a799310c,ripn.net
0199cdb1-c315-730e-a258-83283acd969e,yandex.net
019a24f3-b4d9-75c6-bee3-da1139d39fad,opera.com
0199de84-e8c8-7273-b312-2c93abb583a5,samsung.com
019a2ef0-67ae-7497-bd0b-8a3802f02d83,wordpress.com
8be0a180-685d-4266-82a3-48720bd0608e,root-servers.net
019a2eaa-64a4-7648-9e0f-4a1cd2ab4eee,google-analytics.com
019a2f08-52ec-7541-86fe-aedba8f890ae,baidu.com
019a2527-3436-7700-a6cf-35999d83d6d8,cloudflare-dns.com
019a2f14-19e1-7089-8ea5-db18b36ea64a,wa.me
03cb3c00-d7c3-4745-9e6e-208321b8c02c,cdninstagram.com
11e655f6-e898-4394-8c5f-7cac5622ef11,edgekey.net
01958d9d-967b-7000-82c9-20d3ea5b589b,googledomains.com
019a0360-0e79-75de-9ea9-6b1fa05c7ee0,nginx.org
019a2e99-8c69-774e-8416-8ea9a65fbbed,googleadservices.com
019a1b3c-1bc7-707e-b352-b216a95c8dec,mozilla.org
0199a270-f1d5-77cf-b18b-c65e74ef4c6d,windows.com
019a2e5d-be9f-774b-816f-bc190c759625,reddit.com
01995c69-f310-724f-8ca6-311320385c02,nginx.com
01999582-9b0a-750f-ba09-fdc38167c7b3,ui.com
0199dc0d-6ffa-706e-ab4c-66fb884a08b2,unity3d.com
85d02bb8-4362-43b2-a584-a232b1434ffb,a2z.com
019a24d6-38e6-7278-8677-712f60b8d793,msedge.net
019a1ab9-b02e-74ae-8fb0-dfe65834e83c,blogspot.com
47c9d032-2324-4701-928f-12cc8903c864,edgesuite.net
019a2f24-6629-76be-a26d-768076c45c82,t.me
de08f7aa-1c78-4421-8b76-d8d96a335d16,vk.com
019a2500-5a9b-752a-86b3-5e12d574d139,amazon-adsystem.com
019a24c4-22ad-72fd-8e94-d97b8dba2bd9,sentry.io
019a0e58-3b7a-704a-8597-ed5f1ca00b5c,okcdn.ru
019a2506-167e-71c8-aeda-515fea2b0b0d,europa.eu
019a29d0-a81c-70fe-9261-a99061092a90,criteo.com
019a2cf1-af67-71ff-91cc-05dc4c63a90a,snapchat.com
019a2acc-f0c0-7699-baf9-fc3530ae2031,intuit.com
0f07d09c-a5f5-47ad-b822-acd96f5fc143,userapi.com
019a2eef-5f9c-73bb-926a-3e8cbfd2a34a,dns.google
019a242b-9a9a-7090-b1ee-df6cfac86589,app-measurement.com
605488cc-3a4e-4c4b-9129-ee87988b4785,aiv-cdn.net
0199c67d-c17e-763e-bafb-ee5477d99bdb,apache.org
019a2cb6-82d2-774e-8757-bb38b80d8397,github.io
019a291d-d328-76e6-9ee4-97cc48cbd512,adriver.ru
01993b45-bf32-72fd-b814-65ade7b790f4,one.one
019a2dd1-9167-72bf-9a48-02d9fbc0754e,gravatar.com
019a2d06-c579-719f-97a4-013ceaecc9fc,dropbox.com
0197d4df-ad7b-70b2-953b-92f76828514d,trbcdn.net
d946dfba-6154-4d11-9f87-e6728b16aedb,msftncsi.com
019a2e05-06cc-722f-a591-172b71147a3f,outlook.com
019a2c25-d80c-745d-bde9-0d4390ee5484,paypal.com
01995e12-d563-75d1-bcde-e9af1a1ad560,xiaomi.com
019a250b-a0d4-7412-b993-fdaa47c9e4c4,adnxs.com
0199f0a9-6fad-75d6-9f18-e858fb25fa0c,telekom.de
019a2e74-cf66-7088-ba70-9ba67fa0f7af,yandex.ru
019a2eb9-39c4-76e0-ae94-9c73bdfde373,nist.gov
0199f1f0-8ce1-77f6-9143-52d350979ae3,tumblr.com
46d45662-84a8-4f85-a2e4-fa4a10af976a,miit.gov.cn
019a2848-cb57-72ce-b38a-61f94434fa21,app-analytics-services.com
019a2e29-1edb-706b-9c07-e79432bfc57a,discord.gg
019a2434-ad68-774e-acc0-dfdfbb678ebb,applovin.com
019a2cfb-2604-70df-94c7-b2d2d9c8384c,archive.org
278e7ca8-a4df-4906-ad38-3b937ec4ef32,3gppnetwork.org
01993b40-6aee-70c1-b136-b14c63bc285f,nih.gov
019a29f6-82b4-753a-bfe7-92dd37a977a1,pki.goog
8d765a48-a85f-4d56-abac-cc08f8969b60,ggpht.com
019a1be1-8957-714b-b0a6-515d4f3b4e5f,epicgames.com
019a2f2b-3153-7398-9eec-3014229b04d9,forms.gle
019a29cc-b5ad-73a9-9903-0c83f9191f2b,rubiconproject.com
019a168f-4f12-7267-9042-d6247dceed92,nytimes.com
31e78bfb-0624-438a-9b97-b566144e4801,dnsowl.com
0199902b-837e-707e-812f-18e316b1af6d,kaspersky.com
019a1843-0851-7358-a8e2-1a18b83eb5af,cloud.microsoft
019a2a77-e20f-72df-b939-fe7f872c3bb7,b-cdn.net
0199e6f1-4d64-728e-94ba-19d9dd9a44d7,macromedia.com
019a021c-4355-776a-9ba4-b2681f077905,registrar-servers.com
019a2b7c-5791-7566-9ec2-a865509076d2,reg.ru
019a2f01-083f-771a-91f5-fa5fee2a4673,flickr.com
019a1d1c-bbea-70b8-9f58-758d900fda95,wildberries.ru
019a2efa-0dee-72dd-8654-b2ff4d69518e,chatgpt.com
72ee471e-d8d6-441c-bb9e-03d13a0ecc35,spo-msedge.net
019a2339-b250-71b5-b189-3df91d21a323,ozon.ru
019a2ee8-366d-74b9-9158-bd117b2b3121,shopify.com
0199c6ea-c12c-71ad-8f75-f049d86320f1,amazonvideo.com
01993b62-50e7-7627-9375-f246dabc29a9,miui.com
4ad6dec9-6208-481f-99b6-bb59e896104b,rbxcdn.com
81074938-afb1-4822-b4e9-d106c32890c5,medium.com
019a2512-81ca-74da-8e68-2a9c797936e2,aliyuncs.com
019a2be0-5581-76a9-a285-003ad5d9dd13,taboola.com
f0bcbc66-9631-4733-aa32-858c321ddd92,cdn-apple.com
0f7eafca-8e93-494a-82c8-bf4020d38165,soundcloud.com
d0be74d0-4abf-4df3-9159-91ae69a71352,msftconnecttest.com
019a24c5-984f-7743-bf83-05a99e828b97,adobe.io
019a2d10-0393-7458-8678-a00e6a3e6990,casalemedia.com
019a2cab-626b-71af-994d-79e2f5c193b7,cnn.com
019a1622-1b73-7069-9198-bf0e1e177ec8,shifen.com
a0c94669-859c-447c-8d18-2c7646583be6,w3.org
aa46b537-cb82-44d3-b816-72686e96ef72,azurefd.net
0199e08f-940f-75ab-b3d4-ddca00282c76,android.com
019a24db-2d60-75c2-bef8-54c8d747c953,pubmatic.com
0199782f-6960-72ea-88d0-5487bb099183,theguardian.com
019a2f2f-5ec5-71d6-b280-484538b069d9,t.co
019a2b97-51de-719d-a711-e5b18ef46def,godaddy.com
019a2cb0-c386-7578-9762-9341dfc8fbc3,salesforce.com
019a181c-83ff-7672-9ff8-e635e6d96d34,doubleverify.com
0199ef7b-6215-74c3-b85f-4447c886ce48,vungle.com
e7aa7f8b-cf43-431f-8a51-976f4eb44573,nflxso.net
a984527a-29a4-413b-a6e7-06de32141ea0,edgecdn.ru
0199fd36-bfe4-731c-ab5e-04f633746bdf,mts.ru
01999f80-46bb-7198-ae68-582ee33f5e61,myfritz.net
9879955c-5df9-4c9f-8b0a-b89ad706a50a,jomodns.com
019a2c56-af6b-74cf-a321-979279a2455e,creativecommons.org
3d6ec519-80a4-4f22-a261-9b40206b73ac,a-msedge.net
019a2d3b-0e4a-77f1-ae30-7098a0ed8c6d,discord.com
019a24da-3568-727f-8161-2d91136da61f,adtrafficquality.google
019a0b82-ccf6-7438-af24-e89b8723c1ba,meraki.com
019a2ef8-c511-7325-880d-216830bbe649,example.com
a854e663-5575-46e2-9ed9-07a283155f99,twitch.tv
019a2ecb-c9d3-703f-8270-fa60285f0c6f,gmail.com
019a2bf2-9e40-7348-83bd-75cfb0f2bfa4,bbc.com
019a2d08-605c-74ba-94ad-2921c2d5aeb6,sourceforge.net
019a2bf3-8470-77d9-897a-b342a90fa903,bbc.co.uk
626ab59e-c25c-4717-9221-827fad379505,demdex.net
019a2931-931f-747d-be58-c18934295fe3,lencr.org
6ba0aef7-d3a8-47dc-a584-010cb0e5aa2d,ttvnw.net
1f491184-61c6-4646-b932-92b3b0c57590,azurewebsites.net
07271df8-bb17-49e8-815c-e06f8ebdcf06,akamaized.net
019a24d4-f06e-707d-81d9-6bd44cc197b8,scorecardresearch.com
019a284a-973c-711b-8ff8-72be5c4d29f4,oracle.com
019a180d-d15a-7139-9c7b-9a9a5343606a,netangels.ru
01998b25-f21a-743a-9a49-2f519915beba,cpanel.net
019a25aa-cee8-757f-b87a-ac38dee26ef5,sciencedirect.com
019a149a-2160-7205-8830-b94edda91194,weather.com
0199c755-3dce-716a-a1c0-9169649f1f1a,roku.com
a00f9a87-2cb2-4022-a63c-775eb3331727,wsdvs.com
019a2d06-9750-74a0-8381-97a828aa9800,ebay.com
019981a5-78be-735f-b224-fe1b7f72556a,mit.edu
019a24f1-a69d-737c-a97f-b805e0fad3aa,adsrvr.org
019a0b73-a972-743d-883d-089010aaa575,ubuntu.com
d795de17-4d9b-4d74-b81a-4c9d0385c885,imdb.com
019a24bb-8226-71fb-ac1f-1bb92afcc746,researchgate.net
01993b5a-4524-72bb-a75c-1066ebf5fdc0,mangosip.ru
019a0d7b-07b9-733b-a149-afe9d1932555,cisco.com
019a2c5c-de7c-7230-a9cd-e7b396e0e73a,canva.com
019a2d8c-548e-761f-b632-c30f280f5596,doi.org
019a1513-54f7-7229-9779-01750257c7a2,comcast.net
62095802-4f86-42f9-ac34-c9bd68f96632,wixsite.com
019a11a7-f692-768a-87ca-3007043f5a0e,youtube-nocookie.com
01959a1e-54e7-777e-9363-5aa50fd28206,googleblog.com
0199ec23-ef23-779a-9c55-9e9192091afd,mikrotik.com
019a0799-687d-70c6-a1a3-d525098f3311,wikimedia.org
019a2a3d-297e-765b-ab12-8aa4aca589fb,hubspot.com
019a2ebe-3c41-758a-97e8-abdd41315983,linktr.ee
0d7a2254-ab67-4759-a2e8-cee78bb48f31,nr-data.net
0199de98-82c9-7451-ac71-1c76c926e087,cdngslb.com
0198a80b-27c3-7107-93b6-351e04f07d57,drom.ru
312eadce-d039-4b0e-923d-9a066d130723,dell.com
019a14c1-2fc6-7508-9765-bb4b9e84b22a,hp.com
019a1ec1-6780-73f3-9cc2-d06305fef6f4,who.int
84f49ecd-da53-4ae3-8985-52c8554cc5dd,omtrdc.net
019a1915-98f1-700f-a841-3d9109b51859,mozilla.com
019a02f2-b612-73f5-977d-71ddfe31c726,appsflyer.com
0199d1d9-2607-7330-94d5-392152837d0b,amazon.co.uk
019a2f0c-e495-7278-8533-87a031784f0e,tinyurl.com
019a21c0-a222-745b-ad99-bfc00d087143,dropcatch.com
0199546d-415c-72eb-881f-8838cc1e1d34,moe.video
a2bf260e-4430-426e-9d18-ba06ca8a60dc,facebook.net
baa68023-0082-410d-b86b-8bec81162b06,playstation.net
a146b762-2339-4bf7-bd60-6d22b5ce2995,2mdn.net
01993b7a-212f-7669-b875-382d5de63698,crashlytics.com
019a283a-10af-75ce-8d0b-29cf9583b87d,launchpad.net
019a29ca-0f91-7435-b1fc-db162949a28f,openx.net
019a24e5-bead-7131-931b-4bc7b2de8b0f,inmobi.com
019a2502-8c56-737e-9dbb-246fdc08c075,launchdarkly.com
01977a1d-f7ad-7649-bd32-e38b31cfe42e,grammarly.com
d53aeb21-1c66-4b8e-b2a7-b7c7f46fc52f,alibabadns.com
bc1b6ebf-64fb-47fe-ac3d-1f5edbab250d,media-amazon.com
019a2b16-7acb-7610-b9c8-2d0c469b5890,stripe.com
019a2573-da3a-77fd-b791-0f278944d8a5,harvard.edu
019a2b44-4b83-7368-ad8f-0007707a9d9f,14emeliaterracewestroxburyma02132.su
0199f07b-3848-71b6-80b9-cf1976e0a162,avast.com
12ce753c-227f-4794-90ab-30c283f859ab,notamedia.ru
818000ac-02bb-4409-84af-670319cb1a5e,samsungcloud.com
81b27865-b6e3-42a2-8b73-f2add209970b,samsungqbe.com
019a24cc-2841-711e-943d-c592898d661e,ibm.com
0199aa3e-a4ca-754a-bf95-6bfc67ed5624,go.com
019a0022-5a89-7069-829b-a21656aed6aa,f5.com
9fe92382-4e4d-4226-87ba-3646a9ced43f,byteoversea.net
0199c725-becb-70fc-88cc-a689b2a66d10,nease.net
019a29e2-b774-7650-93a5-e82440b9cb17,ampproject.org
019a2872-6eea-7769-a38d-1c9aa12321cc,issuu.com
deffd5f4-b124-48a7-9f44-af23cf3fe5dc,mzstatic.com
019a2bc7-8f6d-748b-b458-12e5323d1b5f,www.gov.uk
0199f9e9-65b7-71f5-84b0-482df2b76be5,reuters.com
019a2c6a-426d-754a-affb-10e2290cb09c,jsdelivr.net
019a139e-ee2f-70e8-be9c-5b392d6a5d4f,tradingview.com
019a2738-03de-731a-b32e-d6983969cee9,media.net
0199e863-dee2-71d5-8389-6ecaf00eb596,php.net
0199a8a7-90d2-769d-bd75-e3c31a7445a3,steampowered.com
019a2b3b-5450-701a-a63a-883d17d2d986,shalltry.com
0199e395-c236-7218-939a-0d3027d14f2c,ea.com
93dd0053-c42b-484c-8fa2-c630046944c0,dailymotion.com
019a276a-f9e5-765d-80ea-00dc85ff054c,weebly.com
019a24f2-4915-73b9-abb4-5e895cf398cd,3lift.com
019a2a49-3bef-76bf-9d90-962334249f8b,alibaba.com
019a2ea3-ad80-76d8-8520-a571938ead01,sharethrough.com
01993b56-5804-7482-9de3-9ef4cf6cb1d9,ivi.ru
132ace40-5330-4e43-b7db-53389c77b207,dns.cn
019a2d16-0ff8-7709-8961-8c739eab76fd,bidswitch.net
0199cb0c-8de6-755b-9099-db87ee97e221,nature.com
0199fc1e-49b7-7784-8b06-e09b85c76b95,debian.org
019a2f30-a1ca-75ca-836b-4a3560a22e9f,ok.ru
019a2eea-b486-76c3-8c57-6b86bbb46e97,weibo.com
019a2c6b-ab6c-707a-ab2f-2dc154809641,booking.com
019a29c6-6a94-7348-80a1-85eefd5dafce,smartadserver.com
019a2a31-edd6-7776-a2bd-954df684c52f,huawei.com
4c64a7f0-584f-4a68-8f40-873bc52c2a17,heytapmobile.com
0199c720-b332-71f6-a940-efe7400c83d8,vkuser.net
0199c410-141e-71ff-8c8b-59cb19ad7a40,sberbank.ru
0198f08f-b78f-7355-87f9-256162f8c60d,adobe.net
0199ecce-4f83-7429-82db-fe138da036cd,wiley.com
0198ce46-527d-7077-adf8-9131479e508e,springer.com
0199fdc3-61ea-71fa-9d6e-f5178ba9ecf8,forter.com
01981c46-9ec0-74a2-b38c-9bc51b3eba15,kaspersky-labs.com
019a2ed9-97b1-738e-858c-2cb9c2e09efb,aol.com
e5f1e67e-364e-49cb-a906-75886ca1415d,azureedge.net
0199ebf5-eeea-7389-9bba-1c3b55aef044,washingtonpost.com
0199aa94-c53f-701d-8556-f116bc90f936,overload.su
019a2c68-bd58-7698-914e-a6deb3cf451b,pages.dev
0199e73e-cc83-71ec-ad24-a8ba9966eba9,cdc.gov
019a2365-b7da-7379-909f-062c73f91379,opendns.com
019a0afd-06a3-732b-95f4-c3d2660cd181,adsafeprotected.com
019a2627-c8df-7594-8585-a94132bb8e48,myshopify.com
01999505-16b9-772b-85fc-1f9a2ffcfa71,cloudns.net
01999c0d-dfcf-7579-a09c-63ff821e6baa,dailymail.co.uk
019a0c46-9b4e-7649-94b0-5662a0ebd33c,wsj.com
0199f8d9-82f2-76d9-81ec-898bfdfcdb92,etsy.com
0199d523-d516-74e5-8131-21e3cee8f65b,appcenter.ms
019a1b17-f0f6-74ae-861c-c2de0d29e0e0,autodesk.com
0199a4a5-ce72-7318-9c87-ace2880f562f,consultant.ru
019a2a15-ea68-776a-bd33-94d30d771e6e,gnu.org
019a294b-5a13-7609-86ac-3a42e537bd18,clarity.ms
019a2524-2dcb-72db-a1d8-3831c1ee2c09,id5-sync.com
c2c08dfc-48b6-4070-8207-49cdab895897,akamaihd.net
019a0ca9-7027-77ef-a4af-3ef45ed9ba15,bloomberg.com
d55dbc8b-28ad-449e-b220-aeed1dd8d30d,xiaomi.net
019a0def-99f8-72bf-b39a-c59ffa7661cb,telegraph.co.uk
0199f374-039f-75ae-87a9-a20a94ac96b9,checkpoint.com
0199ff54-40d0-71f5-afe1-652637e826d2,un.org
0199bbc0-d0b1-7213-b668-7d66203b3843,arubanetworks.com
d55c3654-ded1-4e4e-9512-8d1f99738482,liadm.com
019a0a65-daa5-778e-bd10-dfc0207d1a2d,espn.com
5b52482a-4da6-4ed1-99cd-0b9911769d3e,hichina.com
019a2ba0-ab13-75a7-bf14-b5a0c911f535,nasa.gov
019a28e6-7951-72f4-ad39-3edd33d9ba5e,wp.com
019a2c67-9b9d-771f-802f-8b93847dd8d1,browser-intake-datadoghq.com
0199c0bc-f7d7-72fb-898e-0615bc6e0603,vkontakte.ru
0199bf28-2e3e-704f-b5b6-0cb17ffc08c3,mi.com
019a149f-3877-737e-a86a-ea2c42f6043d,aliyun.com
01981177-cfad-7128-9479-9538e1ff0529,netflix.net
0199edaa-2283-72a1-abf2-f5c172cfd53d,stanford.edu
0199e818-cabc-7390-89ab-fca3127c92c9,tripadvisor.com
0199d493-d7b6-773f-8a70-96d45df43006,sohu.com
ff17b44b-03d6-4512-8b90-0a5299f0fd60,ibyteimg.com
01987e53-7c47-70b0-a83a-4f5f0b8fb4a1,tp-link.com
019a296d-8f3f-7601-bff4-5d1b6f40b5f1,ezvizlife.com
158d8fb2-cc25-4e8d-bceb-b4352a6913ae,scdn.co
019a14bb-242e-77ff-8bfe-93d8222dd8b5,bilibili.com
019a2f1e-d16d-735e-a7a6-c6f6c8e9747e,google.de
942dbf7f-0a61-4d5b-949a-02ccc20378f7,my.com
d7fb10ad-98b1-4317-9225-07e567ce6681,tiktokcdn-eu.com
0197c751-3316-75a8-9b37-4b7be97f34ce,mediatek.com
0199c14a-760c-742b-90e9-6e58c8cc8d8c,businessinsider.com
0199fda7-0832-7372-b99d-d3e6501e2445,indeed.com
b253d6a9-dbcf-40f4-85dd-2297fe55f204,wb.ru
0199b71f-1aa5-72b4-8598-b1bc5b32c02d,vivoglobal.com
019a2ae2-ed80-777d-8b73-952577e783c7,naver.com
019a2ac1-c69c-724b-a66c-14a18c40762d,unsplash.com
7dea9714-0063-4dda-88c2-a61ef329a9b8,sc-gw.com
01990fae-f5fc-76bd-af1f-774a3d0dc1b6,independent.co.uk
0199e865-95d6-778c-93f2-2791d29fd4f3,ipv4only.arpa
0199f93b-6da4-734b-9653-19407307b3d9,expireddomains.com
019a2f2d-cd45-726f-b5e4-8b20258aeb87,temu.com
ded5660a-f395-45ad-b6b4-0fcab7eab7ed,list-manage.com
019a12a0-0e9f-76ef-a647-186a438c60c2,nvidia.com
019a25c7-33de-7493-b263-99b948b30303,ip-api.com
019a2c2a-ed72-70ac-9bbf-3bcada30daac,telegram.org
019a2dc5-1bf4-765c-bd99-4de911cfbab5,duckduckgo.com
019a2e46-511d-704c-aa69-df5f35e5b95b,pixabay.com
0199adcd-5928-75ae-9016-07675cd4cf7b,plesk.com
019a2ed6-8d06-7415-af57-ff2f481bbaf0,yandex.com
01999a79-32ee-735a-995f-c485f4ec2388,dnsmadeeasy.com
019a2f42-afe8-742a-9528-e620765d4728,fandom.com
019a182c-c1bb-7040-9af1-e2451193b0be,globo.com
09015554-2b3c-4c9c-930d-091c604144ed,imcmdb.net
019a24d9-be82-720e-a882-89214bdc8984,addtoany.com
019a2f4b-7327-72d6-b029-b270897a3fe5,calendly.com
019a0141-762f-76da-aa07-c79b615345a6,teamviewer.com
0197f379-9c91-7479-ba16-8801589465e1,cookiedatabase.org
019a02ba-1dcc-774e-9a71-21e49601ec7d,quora.com
019a2eee-56ed-7728-b3cd-4a0c98830dd9,telegram.me
51ef2bac-e466-486a-8853-71f379ea448b,avcdn.net
019a2f0b-4bbb-7659-98d9-438ab62ebff6,steamcommunity.com
a4ae2476-d5d3-4a38-9eb5-1e065fcdef69,sfx.ms
019a1a1f-c324-74b4-a758-e14b18b64461,amazon.de
019a1682-7d74-72a9-a903-0b4692770323,taobao.com
019a12a0-0bd3-753a-9903-53ea1769045e,walmart.com
019a2822-b316-700d-a82b-5e0f3d686d0c,statista.com
0199c016-cd06-7578-933e-4f9ee59ddd75,duolingo.com
019a080c-3b89-72b8-87b4-374ca4001d30,inner-active.mobi
99b5e99e-cbdc-4fa9-ad6a-d0874ca8e0dd,myhuaweicloud.com
01983be5-ab47-753c-abe2-3219f56d6484,imgsmail.ru
019a1413-c140-74d8-bc0a-4f5d5f2372f7,foxnews.com
01982ba2-0766-7778-8c76-1bbb796695b8,ngenix.net
01990e20-5a99-74a0-b793-601b76a093c1,cornell.edu
019a2359-e0e1-722c-be6d-1d158db397ee,firetvcaptiveportal.com
0199c14d-39a6-71fa-813a-1eead82c01ae,cnbc.com
019a05b3-a12b-71f1-b694-f8d8b4823c73,deepintent.com
019a2bd3-d598-7566-9dfe-1870d4757290,g.page
3fbdb099-5fc9-46d4-87f4-0a4036a13783,xcal.tv
0199ab50-1e3e-7229-842a-bec2ad9f2d0c,goodreads.com
0199e416-a882-7617-876d-678332a29535,uol.com.br
0199e00e-0890-75bd-b536-404fd914b450,mcafee.com
01961bd6-77bf-774e-8d35-024be21163ce,kwai.net
0199782f-b508-77c9-a4ba-2e930a98e2d5,npr.org
019a0eee-9fcf-7184-85a8-2a0d3d9104f5,wyzecam.com
019a2986-4fef-77e8-b7db-5c36f484652f,yahoo.co.jp
a09f2ceb-cfeb-433f-a0bc-8ba8de20cbe4,dccnet.com.cn
f7b6f0bc-28f6-4da4-abc1-23e23b4954f4,cdn20.com
019a2efc-7555-776e-86e5-f24ad633566c,behance.net
0199ab23-5a47-751e-9a47-739496cfac9d,alidns.com
babae8ac-95ca-4694-b285-ee41819c1ca9,goskope.com
29f714f2-f416-4005-bf87-e518bc39a679,googletagservices.com
019a24c9-99b9-702c-ac46-3beeec607dc1,zendesk.com
019a04e0-12a3-778b-adac-814766a7a44e,verisign.com
019a25d9-e09c-717e-b671-5b6352ca696d,wbx2.com
019a2d11-7c57-70a6-9178-a38bce758df6,line.me
019a2d9a-1e76-77bc-a559-c3db2dbdbee6,giphy.com
019a26fb-f6fc-709b-823f-50c52413a8f9,speedtest.net
01969214-ed73-70ed-ad13-bcd20d2bbf2e,nflximg.com
0199d1d4-ce3d-73fd-a05f-7953d0664b50,comcast.com
52d6a933-45c9-4ae9-a0c9-00558a5a56ca,beian.gov.cn
5f78d21e-2c8e-4e36-a5f0-80196d42642c,online-metrix.net
0197c08e-4fb7-7066-82ca-730548b28493,2gis.com
019a2b6a-b4de-7506-852c-8d7396a24a7c,google.com.br
019a0a4c-3fce-75ae-99e8-ee06d285a43c,avsxappcaptiveportal.com
019a12db-9aaa-7397-9ea5-aa78d46965c8,gosuslugi.ru
0199f067-011a-757a-a93e-c2f2a037d9e8,wired.com
019a1920-ac3b-71db-9247-fa6d53ba4e8a,firefox.com
0199ed3b-eedd-74af-8b7e-282c33319cea,eventbrite.com
019a2520-4ec1-71dd-9e0a-b38b95a6de44,indexww.com
90d0c2c8-84e2-4f2e-b3ed-a58f6c8259cd,xhamster.com
019a0112-0fb9-73fc-88df-7b7033b0e140,netease.com
0198ad7d-9d00-7318-a469-a458158c299d,icloud-content.com
019a2f00-b7c8-739c-ae23-831d91442efe,slideshare.net
0199d809-1179-779c-a46c-5b826bacbb28,google.co.uk
019a2d7b-2a21-774d-93a4-c6a27837a078,amzn.to
01990f05-6a9a-728f-b88b-a789106d1fa6,crpt.ru
0196d4a8-959a-7195-9b22-bf8a708a12e9,mysql.com
0198104c-58c6-728a-b5c0-ea4b7b800934,indiatimes.com
019a2aa6-4e9d-7099-bde3-8caba7c311fc,amplitude.com
019a28a0-831c-72bc-860c-c8663896cb9f,time.com
019a24fe-c51d-73d4-8c14-a899f8596005,360yield.com
019a2f00-b2bc-777d-8297-48dac82a75df,scribd.com
664caf07-5857-4167-8109-844db77c865e,rzone.de
019a2cb3-1b2b-761e-a9b8-10d6bba869d8,gitlab.com
6b755114-c969-48ef-8700-695ef1aee379,msidentity.com
0199d459-ab8b-7324-8dbb-3cb16429107f,google.com.hk
019a0917-050d-753b-b4cd-57427a5da8e4,blogger.com
019a0d65-a034-76cb-9c29-623a3fb3e568,discord.media
019a0d72-881e-764d-b977-4f91c41355a7,nflxvideo.net
9ed5a83f-be26-4b48-9a36-ca4832c6ed7f,name-services.com
019a08d7-69ed-7700-aff8-995e40adff69,usatoday.com
019a24d0-5451-7642-ad5f-3d89f84cc4b6,cdnvideo.ru
019a16a1-82e6-7598-a180-d6e36350864c,uber.com
019a2bfe-188c-72ce-8651-b2c3dfc1a4a2,stackoverflow.com
019962fc-f7ef-7724-a71b-0a18d047b8ce,gcdn.co
019a2e14-4c14-719e-8738-d3d6a7842652,mega.co.nz
019a1583-bfe5-758d-b479-a4f432e3db8f,shein.com
5c2f7329-1297-4d00-82a3-969ba2297127,visualstudio.com
0199f9d6-c028-764d-b3ad-f15a6c14310b,ietf.org
019a2ac1-0f1d-764f-a45b-3371cf9c69dd,aliexpress.com
019a2c2c-9b71-75a8-a5a2-110b65c4bea8,trustpilot.com
0199f4c3-46e5-76a8-a23f-728c2fdc69ae,deviantart.com
019a2987-e976-774a-8daf-eaafb11598c0,wix.com
01983755-dca9-70ca-98f9-2e8363000b5c,ys7.com
01998c1f-52b2-77dc-b4e6-a033fdc9cf0b,att.net
0199e10b-7609-73cd-bdb5-a568e0a70192,elasticbeanstalk.com
019a2511-16fd-766a-a768-f56d5a8b4e61,dotomi.com
019a01c9-92d4-7149-9872-fafc863219fb,erome.com
019a2263-0958-7628-ab21-58b78f5d612a,t-online.de
6095db39-ef4f-45cd-8070-259ea2ca6028,gdemoideti.ru
e23ac644-abaf-4923-a922-626c15e6af19,svc.ms
019a0ca6-2b7c-75ac-855f-f1fc0c8604dc,paloaltonetworks.com
019a174f-a0a1-7340-8216-8ccd84a358ca,free.fr
019a24de-114b-738a-b687-351dca5e66cf,jquery.com
019a0c57-4e61-731c-b156-f83acd026087,ft.com
019a2512-d7d5-74ca-9172-159936144faa,timeweb.ru
019a029f-c429-7009-a166-b43e9d089fdc,patreon.com
5a8b3365-c7ea-48d5-9007-54e54208fbcf,rlcdn.com
019a2deb-242b-7229-9362-97df21f8e857,nypost.com
019931c8-92a9-779f-9e25-bffb3cc803e8,tencent-cloud.net
0199252d-89ba-7244-9ae4-88b5d241a786,playstation.com
0199331e-39bb-723f-b120-6aea0cec965c,intel.com
019a05cc-23ec-763f-98b6-c74717a1e545,myqcloud.com
019a2f07-7b3b-7556-8e3a-779683efef3b,bsky.app
019a2f40-2078-775d-80af-ec47e8a7da9a,rutube.ru
019a2c9c-3861-71b6-b108-d595eff60674,imgur.com
0199f436-fa5d-72ab-b14a-6b54006cde77,hostgator.com
a003023a-fe83-48a5-95b2-525de3d1ed71,spaceweb.pro
0199e948-8c6c-7768-b1c7-59c3ee7ce75a,eset.com
f76d4bb2-c082-4edf-9931-a29967257234,fast.com
019989f3-c113-706a-9b7e-e4fd65115a06,cnet.com
0199f07a-b2fc-7658-9588-148a7c3943f1,360safe.com
019a10cb-01a9-707f-8225-62e0ee1ad0bb,quickconnect.to
019a0cf1-6ac2-72cb-8dc4-db363e8515e3,lijit.com
0198bd7f-f83e-777e-acc6-40bcab9c1485,sina.com.cn
01957282-cd3b-7000-9a1c-ddf5b535adba,dnspod.net
019a0bbf-e917-718e-a3c9-403ba7b54e1b,docker.com
0199f107-9163-719f-9620-42cf4957996a,rakuten.co.jp
e649abdd-f0ae-4919-bc92-42981a91d1e3,sentinelone.net
019a2927-222b-73f5-9762-ce7940f0c6af,t-mobile.com
32df3595-c380-47ad-94e7-3b6422f62c73,yahoodns.net
019a25fe-e82e-70be-b919-8123644f5025,target.com
019a2cf5-fe23-7422-8ba9-e6cb1d2943a3,wps.com
019a2435-cada-75fa-ada6-03130d58c9cc,afternic.com
019a2658-0f81-7567-a880-5248d176a917,trendmicro.com
019a225c-0748-7265-a711-364bfd120e64,hotjar.com
019a2dc3-d6e6-7419-9ea6-0619f6c2aa94,atlassian.com
019a16be-dd1c-709a-86ab-3325b2efeb5d,braze.com
019a29ac-4556-7488-be8b-920bc7a57463,163.com
0199046c-a948-75c2-b6f4-845c8eaab9ab,xboxlive.com
01997831-84d8-771e-95e0-f958b140bea8,newsweek.com
019a29ec-6e91-714b-bae3-25a21ca286bb,branch.io
294b52f1-c32f-4d39-9ee5-5de2e0e3c72e,googlezip.net
019a2e59-b305-7743-8d37-e82450efa7c4,duckdns.org
0199fca9-2b66-7050-a1a1-05e1790fed98,tplinkcloud.com
019a2e41-9833-707e-8bc1-02dee5264ba7,squarespace.com
0199ec98-6fa3-77b8-ae54-f410d88c7781,intercom.io
019a1694-2d45-75ad-9e16-576bee5eaba4,sophos.com
c376b217-e9a4-414c-8b49-4e43e60ebaf8,adobedtm.com
0199e133-5e3c-737f-8ad3-b9899f72fe17,buzzfeed.com
0199c6f6-ff4f-73cb-a837-3ca7dde50d63,force.com
019a0af6-724b-70f1-a4a5-eb40c9041fa1,dynatrace.com
0199ca6e-adee-71ef-85f7-05a6ab8513aa,britannica.com
01999c4d-02ee-7735-9f17-d1e78ab08c65,tandfonline.com
0199dde1-e86e-75bf-8270-b18af737e1e2,amazontrust.com
019a10f1-05b6-71f8-9817-9775b302ccc4,onetrust.com
019a27c9-640c-74df-92f3-c5eb3818feb6,berkeley.edu
019a2dd3-0056-77e4-a590-e961e53839e2,amazon.co.jp
01981789-8c30-7290-a9c6-a1d390121a58,bidmachine.io
0199b8e6-222d-735d-8a01-1e8821909f31,oup.com
0198fafa-a1d7-753e-87ce-17e9d30054be,ozone.ru
019a24b5-96d0-70ab-a2f1-d56bea05cf66,run.app
9ae994dc-91f7-40af-a51f-d1db1b7178a8,licdn.com
019a2abd-62bb-752a-abda-d6577e0cfefa,surveymonkey.com
0199e25e-65ea-73c8-a8cf-30cab679c3d5,yelp.com
019a2cfc-b6cc-7679-ac07-8f198249902e,g.co
9d5ded12-0464-4611-8c3a-d6e18327bace,hicloud.com
0199bec7-8d89-704d-8944-8d7ef335c851,loc.gov
019a161a-5d6d-7066-9b31-4642db211586,ikea.com
019a2bc2-e394-70fa-a1e2-f6b520e2ce57,accuweather.com
0199f368-c679-7572-a3f4-7bb6621e461f,chinamobile.com
0199c156-2910-745a-acd0-42666bfa97ac,merriam-webster.com
019a2ac9-8de5-7145-9d50-d02c2f2f9968,cookielaw.org
0199f47d-059b-73f6-8c37-adeb1082f9aa,nike.com
0199c7ef-7d72-700f-b178-4aa3f016c52b,ted.com
01996d08-4fcd-7689-8dab-82d0378f4a2f,shutterstock.com
01993b30-8872-724c-9c78-65915e62f033,telekom.net
019a1c24-6ee7-7733-9c6f-8bfd96235b00,noaa.gov
01997c05-5606-715b-9e47-4c39ddc78f37,cbsnews.com
019a2a38-195f-74f9-b896-31d116cf25fd,pendo.io
019959b2-5373-7753-b105-ee383ade5e58,worldnic.com
a477f80a-5584-47d8-858e-37fd612adad2,twimg.com
019a28c9-6ad5-72d6-811b-b4b94193193b,gumgum.com
01998298-f953-773b-8e47-610004a419b5,ca.gov
0199eccb-711a-7318-8355-cf4edc115b3a,samsungapps.com
019a2a49-98a3-760f-83ac-9d7a1cc0e60a,alicdn.com
0199ffd7-c10c-7769-ae9e-3b21bb4117be,uk.com
019a12f1-9b77-7053-a3e7-cbfcf73b2a20,tapad.com
019a0ab2-0c41-72c8-8cce-f32e02c1caa8,typekit.net
c2d2f0f7-4564-47ea-98ef-21e788ff3904,substack.com
019a24e8-01ad-77d1-bda5-f0c34d4ebdec,deepl.com
0196768a-ea09-761b-951d-afc50f7b2c56,aboutads.info
019a29e9-615b-72ad-bfc7-f3b4229ed172,newrelic.com
aaebab68-e595-4be7-b560-e91c12ef87b5,awsglobalaccelerator.com
019a2cc7-ef23-75ab-8c73-4f9b73b63f5b,ieee.org
019a0cf2-156c-74cf-ad62-3b47a44181c7,wattpad.com
019a186a-7f38-7418-acfb-feedd1958923,fontawesome.com
019a29c6-2a51-735c-aae8-17cfc1089581,stackadapt.com
019a24ca-8e12-779f-b831-3366c3083b6c,outbrain.com
0199c809-0a2a-740b-a13f-b49dfe0f9999,tbcache.com
0199dd00-1af4-729a-a575-fbc0a34b879f,avito.ru
019a250d-7db1-71b5-9f62-ed3de1343253,jotform.com
cbe31252-fa82-4804-a80a-13a6cf4dd5ed,smaato.net
019a1607-85dc-75cc-8b72-7ee5b96bf0c3,xerox.com
01999ae1-ff4f-75ac-b98f-0865f525ac1b,oraclecloud.com
9634c40c-0673-47f2-8ddd-00d59223a61b,agkn.com
330b6029-e6d0-45ea-9bea-69937c7bba6b,easebar.com
019a24d0-b4f2-758c-8085-edc0fd78343a,optimizely.com
019a2e35-621d-7701-a489-78f54fd5eac1,mailchimp.com
019a0fa4-2c7f-74d2-8728-b196899c6e5f,conviva.com
019a2b05-6e41-75dd-81d7-5763328242db,cloudflareinsights.com
019a2c71-68f3-77e6-b8ce-8d3e64f20ed9,elpais.com
019a29c6-efd5-713b-8dbf-502a0b90f861,yieldmo.com
01970ac5-3aa8-7039-a837-e5e946a06613,pinimg.com
019a29bf-5002-71ec-bd4c-9b50ef6679f7,rambler.ru
019a1764-88da-76e4-ad07-2902ebb4e092,w3schools.com
019a2213-08ec-72dc-9121-533064d2d847,name.com
019a2be9-44b5-7088-9ce2-6caf34d58d0c,techcrunch.com
019a24e3-6935-769d-b8af-5ba5a0b2bb73,okta.com
01958e96-4f30-7001-a114-109c24e3d4d6,warnerbros.com
019a24de-16ef-7659-95e1-afc7edd5a178,he.net
5cf618f5-66f0-46cb-a8b4-8b00dba34734,1rx.io
019a2e3a-bbeb-76eb-9c4f-d2f454bb24b7,brave.com
0199ef25-da2e-7278-9940-9b9aa90fe761,viber.com
019a22be-ec5f-700e-960b-c09acb4ca868,ups.com
019a2c4d-5065-7749-a9d8-be704cd6e86e,wp.pl
019a1b3d-d5cd-72bc-a1de-96371909804b,amazon.fr
adfa248d-136a-4f5b-ab4b-83e533db8cd4,nic.network
0199b92b-30fd-72cd-9572-16a0fdbf774f,amazon.ca
019a2be8-e3e3-72ac-b7c7-ce1638aafda7,ring.com
0199bb89-b141-74d2-b7d8-0d41157f5f5a,salesforceliveagent.com
019a2518-e0fb-740c-b557-d4bcde958657,crwdcntrl.net
71a2cc03-926d-4afb-92a9-72e8c04c2bf6,rackspace.net
4e07c090-e161-4cd2-be87-34ae0818c057,bamgrid.com
28307beb-af0f-4aca-a6f3-b2a69e9baa8e,grammarly.io
0199a0af-fc4c-75e9-9c3c-d8f67e5d2975,cambridge.org
019a1c54-b4d8-7102-9713-70e7bb7c8a24,marriott.com
01959bb3-eeb8-7ff2-8f75-83e6f2c25ab0,service.gov.uk
019a2519-e64c-7525-b3fb-989595496e82,quantserve.com
0199ddb1-e988-709e-a6cd-114b16d9bb70,mlb.com
019a2986-b990-74f9-a047-29c88e2e05a0,onelink.me
019a27dc-e01d-7396-b04d-2175fda14ecc,fb.com
019a0776-b35a-7509-a709-d27c87f21cd2,spiegel.de
3307fae8-2048-443d-bfc4-39df64cf71cd,bidr.io
019a2f44-e8a4-76c8-8f57-efb2ff938368,heylink.me
0198c156-7b22-72d0-b09c-4f699da598e6,tds.net
019a24b5-119d-7640-ba2a-795e68172960,lemonde.fr
01999c09-ba18-700e-9ff3-9110f42bf9e8,withgoogle.com
019a013e-914a-707b-bb0c-52bfc88b33aa,asus.com
019a2c21-83ea-72f3-ac2d-8bb8808ab1f6,klaviyo.com
019a0893-48c8-721e-867f-45d7861419f5,rackspace.com
0195dd32-884a-7557-bd42-99cfd5f0a8e7,pvp.net
019a0c9b-39bc-774f-b836-0d4c81db960f,redhat.com
019a0cbf-73d9-756b-a709-2aa6ccb7e743,zillow.com
0199fdd1-d111-74de-b6f6-0bd0d7a1ab94,arxiv.org
0198c914-9336-764f-92b3-ecb4eca4dcd7,rbc.ru
019a2dd2-0965-70c2-b38b-411e2100c9da,33across.com
5d58cacb-791b-4b1a-a212-040aa70b328b,whecloud.com
a10ac0b3-0bae-4748-bfc6-86845d6fe8a9,telecid.ru
019950b1-dc79-776d-b45e-71d613ed532a,livejournal.com
019a0f8c-6407-74ea-8f30-6a1da536ed02,anydesk.com
019a2b83-5d26-763b-b1f0-ad251cd974e1,box.com
019a2bea-0206-766e-98c7-8ff28b30f47a,creativecdn.com
0198dc16-f067-728c-9805-bcb77623cbfb,hath.network
019a2962-4012-7799-bc60-80a25c6fea10,mediafire.com
019a2c97-070b-722a-ab2e-453b58538a61,people.com
019a2e9f-b08c-707f-84e3-44b381acd4a2,ya.ru
05925b92-8ea5-416e-a1d4-a08e26600c2e,samsungacr.com
8e46454e-e4c4-49b0-8373-8d5e85d9c523,exp-tas.com
019a0ac6-9052-7636-bdfc-44a86f41af21,bugsnag.com
019a191b-dce6-70d8-bdc2-463afc92c460,bluehost.com
019a29c7-f414-716d-8814-ec2b01948ef3,adform.net
019a2a32-fcc0-75a2-a80b-feabcff73041,tencent.com
019926d6-3cab-720f-99b2-ede6c33d52a9,theverge.com
d9f817b0-addf-4fb9-9a22-7b9fa57a0073,afilias-nst.info
01995dab-9a47-72eb-9815-0eb395d01557,t-bank-app.ru
0199eff9-d9ad-72da-a495-c5899c74793a,unesco.org
01983020-387e-76f3-8cd3-148a721bb1f9,bitrix24.ru
e829cff0-23bc-47ee-8e21-c72636b20709,dbankcloud.com
a2a21c5c-cb13-4cbd-88b9-08edaa758ee0,omnitagjs.com
0199329b-6a9f-70dc-8010-60e39a782a7e,cox.net
019a294b-4735-7499-ad77-1727407ded9e,mixpanel.com
01999990-9307-7794-807f-22885417a1ba,sagepub.com
019903a7-e667-77bd-9ead-68410ebbba29,hihonorcloud.com
019a2e14-7c7f-77f8-995e-1a2e189f8526,myspace.com
019a2513-9bd7-74ed-99a9-a038fea5dcb8,contextweb.com
019a24cd-5057-718f-a0fe-e132cd8cf7ee,everesttech.net
019a214d-4ded-767b-8d59-4816e86e0f54,fiverr.com
93aa4a0f-1672-4aa9-82bf-7b5f07a32778,imrworldwide.com
019a18cb-985c-722d-a9d5-6ebc22ce6c06,google.cn
019a2ac7-7f28-7160-b7f3-275b45be1dbb,freepik.com
7549cefd-8cec-434e-b0b9-dbb60402dfe6,githubusercontent.com
0199c85d-e16d-714b-97dd-8d82c2758997,disneyplus.com
01989e5b-ad82-7152-b5c8-1a74a3a78a24,life360.com
019a2803-bfdc-76f8-910b-4aeb93e01d55,disqus.com
01990594-3e39-772c-a42a-f193c23dee8a,miwifi.com
019a1cc5-535a-706b-867b-326284a09d8b,iso.org
019a179d-eadb-7388-b881-d3e98d3dec6f,amazon.in
0195f329-00f2-72b8-b788-636573f942c9,nic.io
01989cc0-c4cb-75a1-b4ef-d11c83abc139,latimes.com
0199c19b-880e-763e-b783-994cb90b8c6d,bandcamp.com
019a24ce-541a-732d-ab61-76cbf8bfcfdf,a-mo.net
0199a7fc-4ce0-75dc-bd18-4dcf4b80e699,curseforge.com
019a136e-97be-768b-b0e1-73b4acf9ecf2,amazon.es
0199c334-9a23-7408-a680-6fa565ce496b,rakuten.com
0199c13d-0b62-771e-999f-00142f2d9309,prnewswire.com
0199f44c-a7ff-742d-a03d-693e719b1640,webmd.com
019a04cf-62a3-7375-ae6b-973d2f008ae6,nbcnews.com
0199b94d-01af-73ec-b556-2612d5a48d34,no-ip.com
019a2929-fa6e-76a9-82a9-4862aa0c3c6a,clever.com
019a2586-1f82-7598-affd-3b07e80777f6,digitalocean.com
dd470846-92aa-4785-877b-9c59149ec57f,cmediahub.ru
6f36040f-0ac9-4db9-88b7-a0f6a922c18e,turn.com
44f197ce-9e04-4328-8ab3-3c56eb5f12c4,criteo.net
32efd4a3-46f9-4689-a4c4-c3fd102c8cfe,edgecastdns.net
76596c4a-dcb6-4218-bece-35136089a0da,kunlungr.com
c83e2d47-707a-4ed8-8c64-1e1c4bc56898,e-msedge.net
019a25d1-2900-7519-a732-7e9c9aba0064,homedepot.com
50d77742-c588-493d-bd90-02b390a1e6ff,adobedc.net
01999f0a-0ed5-734e-baed-6a658ccbb37b,nikkei.com
019a12a1-f174-7339-a753-1782848d070a,bestbuy.com
019a2def-f41b-71cb-9f54-bcaa10f019a3,discordapp.com
019a1105-5567-7345-b5c5-63728e03f424,google.nl
019a28e8-d072-75d7-84f5-70f556b57292,airbnb.com
c684337c-dde9-4bd6-8687-356158cd8d4d,pccc.com
0199dd39-4d0e-70ae-967d-e967f6d9b7e2,onet.pl
019a2115-9d92-73b1-a249-27500ba01187,amazon.it
019a1325-f54f-76ec-ad45-2f9d5894a532,usps.com
0197634f-ed0c-756e-8a17-346cc7ef3692,liftoff.io
019a058d-086b-71af-873f-c00ffdde2f0b,markmonitor.com
019a0cd9-95ab-70ef-a9bf-9f11cd9b57f9,lenovo.com
0198e64d-7232-75ab-9bbd-1b3d1754666b,me.com
0199d30e-505a-7712-9b1a-50ab7cd88acf,mdpi.com
019844a4-a9df-728e-b753-a33df86fbe10,vivo.com.cn
01991401-3508-74db-bd33-1dd6a060c45e,investopedia.com
019a15b3-258c-719c-a4af-311ad3345c97,kontur.ru
01998633-1230-778b-8b43-dd7d5b6e6edd,lwsdns.com
019a1933-1887-72d8-9a30-ed6ae280acf6,zemanta.com
019a121e-1c48-7446-93e5-73a1d9cf5dfb,tremorhub.com
019a298b-f0fe-74ad-adab-c555b54db4bf,betweendigital.com
019a1313-7ef7-74ad-ab8a-f435360bb113,telephony.goog
01998182-9d2f-718c-90b3-e3c007a11d99,washington.edu
019a1642-9407-748c-947b-cd7b6c7430d6,recaptcha.net
019a167f-698e-7036-9188-5279aa1c9343,shopee.com.br
04ebff26-213a-4288-a991-f189236dcd77,ssl-images-amazon.com
019a144f-5ce3-7619-a854-d11e46857196,teads.tv
e3993b7a-67c0-4b1f-82ae-5b2f8d8c5059,afilias-nst.org
d817f7d8-62ff-43fe-9d3e-4b1073e614dd,166.com
01999f3f-84fa-731a-bab1-64a8565f9dcf,lefigaro.fr
019a066c-1633-723e-9926-c8fb137330ef,allegro.pl
0199c13b-c93c-731b-ac65-22c9acc8ca89,allaboutcookies.org
019a24e6-644e-768e-b55f-08f0995cb72f,unrulymedia.com
019a2c1e-0037-777d-a62e-53a81367b2a9,unpkg.com
0199dcb2-2cfc-76b8-84ae-f49d30928c24,mayoclinic.org
0199d389-46e1-7001-8638-8fd3c1df864d,xbox.com
019a270c-e2f7-706c-9bd5-2c485b94ef80,primevideo.com
019a2bda-5864-73eb-a0dd-be1997ede7b5,apnews.com
019a0168-aa54-777a-bee6-cc631340aeba,ameblo.jp
0198ca07-4d9f-773d-b293-518a0fa654cc,gamepass.com
019993e8-1ea0-7047-b80c-731be74dc7d9,aniview.com
019a0858-a3cd-7026-9e0b-f853a5e5bf15,kunluncan.com
77d594e0-369e-42e7-868b-007589936e5b,fda.gov
9e8fd1f6-70c9-4e0f-9b84-dae9f414345b,datadoghq.com
0199fcc5-76bb-777a-8034-641ed5ce036d,adjust.com
0199c04d-2f6d-76f3-9286-12c3d025bdad,academia.edu
0199c13b-9a3a-7789-9274-cf3a8a588af8,networkadvertising.org
01997944-48ab-7720-8ed4-f6939f00bebb,dreamhost.com
0199dbf3-439a-7732-85f8-83fb4a06b59e,360.cn
0199e221-9063-76dd-b990-eb19f3d873dc,appspot.com
01997c15-dfe0-7418-b7f7-46c575225880,healthline.com
019a2c90-3424-73bd-bb47-0ce76af4e08e,hbr.org
0199501e-d9b2-735a-a801-6fc879128597,welt.de
0199f320-1216-759b-acc3-c29f0ae00cbf,change.org
019a120f-172b-71cb-a80d-f04c6fabddb3,kargo.com
019a2512-4481-76ac-8d59-a07baeb639cc,onetag-sys.com
c58426fe-d1b1-4d03-b0c1-54424414fa14,atlassian.net
019a2707-f5cb-70e9-9269-fe1af4068636,python.org
019a253e-99fd-7075-8f34-27fdbf90bfea,globalsign.com
0199c950-412f-701d-aaaf-78348ef4f016,utorrent.com
019966f1-e52e-740b-ae41-f70248ffb349,pornhub.com
08227e88-f1bd-4501-aad4-eeb01677910a,firebaseio.com
0199e8ba-b7b9-709b-af16-444325491797,flashtalking.com
6ed69800-4f46-42d6-8627-f00f4425fdb6,go-mpulse.net
019a2f10-bedb-729e-833d-ff853c7dc563,onlyfans.com
019a283e-60f1-7059-96d9-0088a4343d3d,upwork.com
0199ecb5-505f-73ee-870e-64b85cac1a39,kaspi.kz
01997832-8ab4-726e-8973-6f3329a350b7,hindustantimes.com
0199859b-e1da-738d-9e57-8661a6da8de2,news.com.au
019a0fbc-5820-7652-9742-b6a227e043d7,bild.de
6916c36d-c325-4541-a4b6-8a34b1c3faa8,spotifycdn.com
019a16c3-fd19-75f8-9169-0b2e180190c9,genius.com
019a2e4c-46ee-7711-83fb-325b5440d6bc,ovh.net
0199c81b-c0aa-77d4-98c6-fd61facd7ccf,kickstarter.com
45e9e1a2-b480-494a-b031-c371ca45cb6f,mozilla.net
89c675bb-f540-437b-9e2f-1232bbc91152,1drv.com
019a2dfd-54f4-729d-a4dd-f807214db492,figma.com
0196daa9-dda2-753a-a60f-300377691cf6,yximgs.com
019a1218-93d0-717e-9cd8-dbfe22248ca8,ebay.co.uk
019a0b25-04b0-701c-894c-1a3bc10b413e,supercell.com
019a2e73-f104-77a9-be09-d0e2db7406ab,zoho.com
0199c349-7197-711f-afcb-c243feb9c1f8,usda.gov
5389b1b4-72d4-4651-b098-6994cfad1e8d,midea.com.cn
019a0166-b3f0-7089-89e4-51269d79dc48,themeforest.net
019a1c98-e4c2-7236-a7ea-c80e147c3e31,huffpost.com
0196f805-abac-754c-b9ad-62d1c7931cf4,theatlantic.com
0198d0ac-3aa9-70ab-bdcc-6d727ee577b8,rspamd.com
01976f3f-c0b3-7558-af44-80a6b883e0ba,sportradar.com
0199d46c-f7e0-73de-a26d-d85be1c1cc11,agoda.com
0198e2a7-ee3e-757f-86bb-97b79d3b912c,princeton.edu
01970be0-f149-7758-b6bb-71b7ba504cb7,youku.com
019a22fd-3d56-72ea-a7d1-3dd2e53466ad,bankofamerica.com
019a2641-2dcb-7409-96fc-890e51ec0597,nationalgeographic.com
0197f35c-61da-73cd-bac1-3a84d2d69bdd,readthedocs.io
0199bdaf-9fb0-768b-9d9a-f009bf5ad71b,discogs.com
019a1760-da8b-77bc-9394-8fe6d41fff44,linklist.bio
019a2515-2a49-75cc-b9c5-a273c2f253d4,eu-1-id5-sync.com
0199eb22-6b72-70d2-9d51-bbe44e00bdd9,cursor.sh
019a24c7-794a-743c-9bda-33ff762df36f,stickyadstv.com
0196449d-b8c0-75ec-a2b5-4d15ef152185,russianpost.ru
0199ef81-a222-74bc-925a-38810e67d5aa,synology.com
0199b458-b709-738d-b6e2-a674077d77c7,intentiq.com
019a2f1c-a3e4-71ed-b8f9-e152333d7df8,mailchi.mp
019a208c-6b82-762a-b8e5-33f5a3179a0b,typeform.com
019a2728-f4de-77db-bc24-262f859446ab,cloudinary.com
01998e8f-61ce-74eb-b5ef-3942ff7a2cf4,otto.de
0199d7de-9b42-7704-a5e2-5a25b425894d,threads.com
019a2c04-0439-7288-a9fe-2b88975aeb2c,staples.com
019a2c39-3154-7489-b3fe-fc088818c35b,btloader.com
7f7d1a65-3590-41c1-85ee-2d66a145bad5,aiv-delivery.net
f807fc42-bbd1-47cd-b4b6-920e507534b1,nic.tv
01983125-97d7-71c3-b7c2-33f7c87177cb,edna.ru
0198bf0a-9f04-728b-b8b2-3bf3a435b0f7,classlink.com
0199f3fa-3c5c-774e-b865-9088264bf211,attn.tv
019a1b8e-22c0-74ec-b39a-a15bb04c1a5d,hm.com
0199e8ae-ea41-73eb-923f-f4c33fb4e807,fbsbx.com
019a07e9-9f7f-7619-9bc7-4c743278c857,pexels.com
0199fdc9-70c5-769f-bdf8-445392b3655e,biblegateway.com
0199aa5a-25ce-730b-9dc9-e0a8259a0d5d,hugedomains.com
019a2501-d811-7324-9724-15bcd85961bf,prodregistryv2.org
019a05a1-c68e-762d-b6a9-5d513d63298c,redd.it
7143a983-8c68-49e8-9680-65483f5b2c08,shopifysvc.com
019a0b1a-abb6-778d-bac1-ebaafaba120c,sapo.pt
019a26de-e589-74b4-93c7-52405e9c46df,kick.com
0199c82e-75e7-758c-9fdd-3e27140ec13e,netgear.com
019a2081-ce5e-767c-8144-134adf753236,onesignal.com
2500a9b2-47e6-4a7c-b43f-a4d79b84dba6,samsungosp.com
01999e01-5014-75de-8c0e-0354661c4e59,segment.io
0199e3b6-eeda-75ab-b9c5-edbd4d5a1f0b,mckinsey.com
019a0ca6-0bc3-719f-8138-195c5633fb7d,openstreetmap.org
019a23b2-cace-777c-ae3c-0cf9569cc1c3,linode.com
0199c9b7-9858-75fb-abc2-66624ec0f2d0,epa.gov
019a250f-0e57-7705-a963-3b4d310d93e5,seedtag.com
01959c22-2dca-7224-9a5e-9f3501c8a97d,smartthings.com
0199b170-4ca3-717f-9d35-f7b66367ad56,whitehouse.gov
4779edc9-4933-40bb-9384-b9d0c302e877,adgrx.com
47e57808-a6fa-4af7-b03e-d0a5e838912e,onlinepbx.ru
019a1b0f-0a58-760d-be4e-2a9909cc52a5,vkuseraudio.net
019a2349-2860-7603-9c4e-0a27898aa88d,daum.net
019a0562-cbba-75db-bf65-1941ce80053c,moloco.com
019a24fc-0c22-744f-992c-866ccda00270,crazygames.com
019a237d-dc1b-73bb-b998-bc8eb8ce525a,dribbble.com
019a2ad4-61aa-778b-94ee-051e9d912a01,chaturbate.com
0198ea83-5d1c-76bd-bf5f-23e0c9dc3ca1,pbs.org
0199efd5-3c3b-712b-84db-a6a8a62e4fb4,shopeemobile.com
01975269-ae05-7328-a2bc-eeee6843f6bf,singular.net
01994083-55e6-7193-8b1f-032ce22ee4e1,amazon.com.br
019a10a0-459d-7448-ace2-8c91064401d6,sedo.com
0199f28c-9829-71a7-baa0-dc8146696480,worldbank.org
019a1ad9-b91f-7548-bf3a-e845ee677d5f,character.ai
0199a7f9-7479-709e-9b1c-7edf768de181,presage.io
0198f055-05bd-73cb-979a-0d7283219a45,ebay.de
dc3b9831-d098-4769-847f-f62116e0943a,contentsquare.net
0198ee54-99fc-778e-88aa-1eb3c2a570f2,ubnt.com
019a24d4-9dc0-772f-bea9-917d69f12fcc,yimg.com
019a1feb-54ee-7573-a539-83f6f195d256,chess.com
019a0bec-5e9a-7008-a3b1-bac35481e63c,capcut.com
019a0cf3-9da7-75f9-b571-50221ce4edf3,binance.com
019a2961-6bd6-774e-916d-ae96553cbcb9,seznam.cz
0198c16c-753a-7454-a5ac-13882ef5efb9,mercadolivre.com.br
0199a47e-e61e-72d4-bc33-f668fe5eca6c,ad.gt
019a0af0-2064-77c8-92c4-424cea0d4381,mgid.com
0199dcc3-55e1-7613-a802-169132ce224c,corriere.it
a53d03a9-4ff1-463f-ba10-fcb48f803cb1,nintendo.net
01959a9d-4d23-7ee2-8d27-28929dd228d7,thenai.org
019a24ce-a886-761b-b42c-7a4a934a27c1,kueezrtb.com
019a0d39-b121-7758-87c4-5861685d034f,repubblica.it
019a2feb-d24d-771c-bed2-3ec521abdc93,adblockplus.org
019906dc-a6e3-7698-9538-0a4e5c2fd9bf,rayjump.com
0199a034-eacb-71df-a65c-ee7c2bf2d7f4,pandora.com
6434d09f-7a54-46d7-afb6-b462b3295158,4dex.io
019657a2-8e43-779b-8988-dd085dcc3c1d,playrix.com
01992857-db9c-7594-aa73-aabaa2df60ac,huffingtonpost.com
019a024b-3aa8-777e-a8ca-e7033ed3cfe3,realtor.com
019a38f6-11be-737e-9d0b-7cbbbd38c2a1,google.co.jp
0199f32a-326d-7472-8548-34388f42c661,ryanair.com
01992bff-1907-70d9-809b-923964d82c3b,mercadolibre.com.ar
0199ece5-70fc-77ba-ae4f-80408dad49eb,fwmrm.net
019a381a-9ade-7179-a3eb-80fa6ebd3e94,www.gov.br
019961ef-72c3-7699-9510-dea8c4ef92dd,xnxx.com
019a3b71-8f4a-758b-8253-c0fe68e17191,quizlet.com
719b0949-e53f-440f-a744-630cc18eb009,herokudns.com
b867df6b-f274-44f7-a18a-41f8fa70bf44,nelreports.net
019a264b-f9ba-71d4-90dd-c7503666e84e,elmundo.es
019a31e2-f280-70a6-8658-f64ece6d1ec1,amazon.com.au
019a270f-1c9b-7768-9eca-c71e6586d1a7,nexusmods.com
019a34a3-ad95-737a-a25c-a0c298171743,statcounter.com
019a1592-9559-7223-b48a-78bd095d7f6e,kohls.com
019a37b5-6a8d-7159-9eca-723521cb431d,kwai.com
019a3535-b011-773c-8d11-d26061c9a202,google.fr
01971841-53bb-77db-ae17-cc13963d814b,eporner.com
019a1120-cb67-73ff-8d8e-fd5de0db6f90,bol.com
019a39f3-e36a-7538-a940-6067d78df393,ipify.org
019a1698-3451-73ab-8c47-222eb825468d,vk.ru
019a0dae-b995-739d-91e9-1c410fe02c84,caixa.gov.br
019a00e3-d71e-7098-b598-37bc6d39d30c,pixiv.net
01989fe4-3f25-7024-84b5-0e5392d97e42,frontiersin.org
019a2eb2-9ee9-7678-9b3d-575a53a9324c,jetbrains.com
019a14cd-da28-73ac-a493-4549493b9ab8,postrelease.com
019a2f67-7de4-71cb-be2f-92e104fc3b1d,columbia.edu
01958ed3-cb50-7001-a14f-56fb595700d1,focus.de
0199c3c3-bcdf-74bf-92af-e5f56f35b43f,rainberrytv.com
01980e5c-e94b-77de-acdd-44b2660d0ef4,leparisien.fr
01959a8d-cee3-777e-950b-69eaa2d91fa9,blueapron.com
019961b1-4a81-711d-988b-125c034abde1,split.io
d6c2d135-2c34-493c-a2ad-898d7b4f25ea,msftauth.net
019a2f6e-008b-760a-b300-43c88623d670,garmin.com
019a2cfe-ec3d-73bb-b42f-3b0e0a929b19,onedrive.com
01997a63-4e3b-7500-a557-10ba441b2c88,sofascore.com
019a3604-bc68-7444-9246-79f61793853c,xiaohongshu.com
019a1b09-696b-72fa-8d7c-8c4a544e91b9,vkuserphoto.ru
019a0762-5a54-71ce-ab59-3ef65828baf5,agora.io
951ca509-d2e9-4487-804d-eae8c7193dfb,cloudsink.net
019a29fa-2afe-72ba-821f-bca485ac2c92,note.com
fd43a6a0-5004-4cc6-95ab-1fae534721dd,isappcloud.com
0199eb05-e6c5-752c-9d9a-529531c783d4,ancestry.com
0198b2c5-c55a-71c7-9f17-b1ce4d3da4ea,lavanguardia.com
0197aa70-83e9-73fa-92f7-0af4fb790954,weforum.org
0196d09c-0345-72ef-8e06-691e4f8c7585,heytapmobi.com
019903da-0005-725d-918c-e8db40a93e56,selectel.ru
019a3b81-ea18-7111-b881-f6c11fe7e081,hilton.com
019a25eb-8346-7286-8285-e8684386e60e,interia.pl
01992f53-e8c6-7475-bd3c-9d74d5c4c9a3,beget.com
019a1289-5845-70a7-b8ed-780e3d468590,flipkart.com
019a0d5b-f91e-7448-9c63-e4246dd36e67,olx.com.br
019a3660-6d86-73cb-afb3-c41c7341ec7a,cbc.ca
0198aba9-ca3c-7059-8881-924a82daec51,ouest-france.fr
0199f5a7-6c0e-74ac-ac08-379eebcc6e21,umich.edu
019a14d3-8eb5-761d-b3cf-48f9789e0465,xing.com
019a2fe7-1090-7028-ae49-61d29d92a6c9,beeline.ru
019a32bc-164b-7220-a8a8-7dad25fcc6ea,deloitte.com
019a305b-3320-7560-9459-d5aa2b96eed1,alphonso.tv
019a0ca4-433f-76e9-83b0-7582392a4448,docomo.ne.jp
019932ca-3fc6-72f9-b1d1-46559d029a54,abc.es
0197068c-8345-70ad-badf-ffc7beff2ccb,tinkoff.ru
01985c2e-9194-73d8-a7cc-39eaf8de91f0,state.gov
0199151b-fd40-7319-8744-714a1dedd6d5,redfin.com
0198c79e-23e7-768a-a738-53283a369ae1,infobae.com
019a3598-5fcc-76eb-8627-691abd9f8510,ecosia.org
019a12d2-b76b-73af-b58b-db7071c676bd,costco.com
0199df3a-bbeb-707b-9473-c18db6944243,elle.com
019a2cdd-fee7-772c-9a56-960bc0b972fd,tsyndicate.com
39a6e78f-ddc8-40bd-a31f-3f44dcd243b2,ipredictive.com
019a30c2-a47e-7259-8ce2-f7ace607ed08,skroutz.gr
0199283b-22b7-753c-992b-0f0dd61355b9,ltwebstatic.com
019a25a2-23df-75bf-aa43-f5d4ae044075,marca.com
019a3b7f-5254-71d9-8977-8deb77ae67fc,ipinfo.io
019a126a-920c-722d-8a12-4bc95d89ea20,app-analytics-services-att.com
0197a495-d4b9-7468-ad4e-5f23f714e25a,xhscdn.com
01979d15-da11-7761-b560-d536250fa324,bfmtv.com
019a3362-8fe7-703b-808a-af2847c09fc7,sascdn.com
0199ee8c-b9b1-7617-85a6-5b802030a22e,goal.com
019a3156-0a86-75ed-9f22-c1f3b6fe6ac5,google.ca
019994ea-f6e8-72af-b1a0-4729168c6981,as.com
0197151e-185f-76db-933e-67223c678db9,leiniao.com
019a3942-f4dc-75f9-a745-aa6544b82b25,letterboxd.com
019860a5-4989-7768-bd34-d41798bb517c,gsmarena.com
019a0c7b-d950-75f5-b21e-0ed390b4d7f2,zoom.com
019a0d4a-4276-7689-9bbe-e346d5f68b99,businesswire.com
019a34bf-4534-73fe-95f6-bed5c115772d,kleinanzeigen.de
019a3476-f9e8-7438-92b7-9f194d6e664b,surfshark.com
019a02e4-596d-73be-9e52-3f6a8c7e7cbf,terra.com.br
019a3f99-ccc4-773e-af5c-67d08be5f804,ilovepdf.com
0196ff62-55bf-7749-88ad-9d0e73ef15f5,meethue.com
0199c306-9bbb-7377-993f-c8379c120909,trendyol.com
01997195-986d-7678-b03d-fbad2105dbf3,usnews.com
0199dcf2-4276-768b-a343-364863edf915,amazon.com.mx
019a2328-3896-7319-bd73-c80a5c109dfb,leboncoin.fr
01997f6c-7c81-759f-8f02-4c1e0f27f205,moneycontrol.com
019a341f-4913-738b-b0b3-efc9fcc21e61,sahibinden.com
019a0d72-922c-716d-b484-7ccac054883d,theconversation.com
019a2eea-8392-77b0-8904-36711022cd98,smilewanted.com
019a2754-8780-7104-9d84-196d96358aa4,aparat.com
0198300e-759f-7278-be21-72e7d3fd596f,ubi.com
019a3130-dc99-714f-9bed-df62a9c6e635,apple.news
0198cc02-ad90-770d-a1df-efc433d1bf50,alipaydns.com
a4016184-bd97-4977-af9e-8a27d9addf61,bt.co
019a2975-15cf-77e8-b629-8013af71654d,finn.no
01999a45-51ca-7076-beb1-8c4c32fde147,umbrella.com
01997833-6e06-777d-b1ea-01854e8808ab,ultimate-guitar.com
019a35e5-9850-761b-8b37-5a544c3bf185,poki.com
0198d6e5-0a7d-7358-bdbe-6318d099c77c,megafon.ru
019a368d-d1a0-7190-ba56-407e8d16da98,fortune.com
01996e56-5c19-74a8-9eb0-910aa09f9672,n-tv.de
01994d5e-7a6b-76e9-89ed-9d009e6187e0,hostgator.com.br
01992d37-6a0f-725b-9f8e-4619241d7f36,ameba.jp
0198c369-4f4a-7609-b600-e490157e94f3,idnes.cz
019a06f2-95f4-779d-a575-b04b7a503ad0,rapid7.com
01998fc0-1999-7622-86de-82aa54593045,moengage.com
019a21cf-7045-7293-97ee-c069c60f6552,coursera.org
0199c13a-0d0a-7309-9743-c3a93301850e,youronlinechoices.com
01990e0a-5b10-7389-9c31-c9933b7788d8,coupang.com
0b6bbfc2-3023-465e-a110-996e70227607,byteoversea.com
0198c30a-76ea-75d8-8411-70e9176f2faa,bitdefender.net
0199b886-6bf4-75bd-b274-b1355756cce8,abovedomains.com
6067c3e6-aaf5-4509-925a-5b6aeed5a6f1,incapdns.net
01996114-608b-71d8-95dd-efbd9e5bf721,skyhigh.cloud
019a3c67-361a-71f9-9231-35190e377cab,xhcdn.com
01983d4b-9bd9-74cb-81ce-034e668f71fc,dns-shop.ru
0199ba3d-4a74-7518-a3ab-f0baee5b6012,economist.com
019a3dd9-fcdd-72c2-88f0-d4cfe21702b5,vivo.com
01996939-b314-7769-b328-c7397c03371d,dyndns.org
019a39f7-8bd6-77b9-aeaf-aec523fa93d2,wise.com
01976063-85b7-716b-a54b-e85eeee4855c,dafont.com
01986736-847b-71d7-8b74-3f3c882b3ef6,tnaflix.com
019a2b04-60ec-7342-92ac-a257ea7ee1c3,hepsiburada.com
019a2626-4441-7786-b149-91f10ca4ad94,cootlogix.com
019a16c9-378f-76d8-8b8d-51f6babacd59,aftonbladet.se
713c6121-7c7c-4c51-9a54-7cfebe915207,franceinfo.fr
019a3a99-e9a6-7579-8515-9fb6cd65d192,trello.com
019a387a-d3c7-7059-95ec-085d470306f2,herokuapp.com
0198ff70-b61f-739f-b42f-0cf6445fd501,mercadolibre.com.mx
019a2f3b-6eca-7109-b816-65294573dd2e,notion.so
0199f2b3-60fa-769a-913b-ccfe37b12ebb,1c.ru
0199a933-5329-76c7-9629-e52416d4ff81,exelator.com
01988e73-3113-73b0-a6ea-a6fd770e3177,xhamster.desi
019a0bcc-eedc-75a4-9a78-f5b2d5700a1c,archiveofourown.org
019a2bc6-2b8c-754d-829a-01822aa8cd85,hltv.org
019a0c7a-bfa1-726d-883c-60ae4c459195,yandex.by
145929b5-3084-42e5-a903-1ab09b2e0a82,youporn.com
019a1556-df90-729d-a6a6-14c578534c80,pusher.com
0199a8ac-5997-7774-bcfb-4b46dbf58850,flashscore.com
bcc2e602-6276-42cc-8512-ce46a515ebe7,tabor.ru
0199eee5-0dad-70ef-ab5e-c5074d828bfd,biomedcentral.com
019a3f04-0896-7590-af1f-d43f988f4fd9,fb.me
019a10e8-0f1c-760f-94f1-725a77013c13,lequipe.fr
c9db6710-d08f-4097-85b1-9bf2035d84c3,palmplaystore.com
01985b69-2588-703a-b393-190761ec0001,psychologytoday.com
0199fdc0-eded-70ee-9507-5f05f73974a1,furaffinity.net
019a24bb-18d1-7227-8e8c-6caab3fd8836,richaudience.com
019a01a3-433e-72bf-af51-a2a435049166,india.com
6ddce6ac-37a7-43c0-83c9-bc745a426b71,att.com
0199dc6d-300f-7259-b627-d63364723665,gismeteo.ru
019a218d-4b1b-708d-9700-5649c6c735aa,olx.pl
01988a9b-91c5-761e-92ec-e4880bde0013,evotor.ru
019a19ac-38ad-7301-9786-a598e5b36cbd,tabelog.com
019a3ce3-5d70-776e-9715-9e89d6cdefe3,wayground.com
01959a58-ed79-7224-9563-9b3ea50f42cb,ox.ac.uk
01994ec7-6b09-764f-9028-6d570cf89f17,spamhaus.org
0198ad57-270e-77ad-a6d6-10d36969cf9d,jimdo.com
f0e39401-0423-420c-a0b2-ad57c7bb57a0,hik-connect.com
019a37f8-cd22-767e-b423-74d99c46c1e8,savefrom.net
019a31d7-9a7c-701f-a139-a3f726e1cf8f,google.es
01958eba-c06a-7001-aaae-9b4b43904603,elconfidencial.com
01991f71-6ade-776b-8f25-9865d2b5c6d9,ad.nl
019a15b6-a2e0-77ae-9c30-ba7c96b113e1,yandex.com.tr
019a23de-8560-7559-ad79-21e264a718b7,nhentai.net
46032485-dfc9-4c9e-b648-8044407ce4d8,rule34.xxx
019a00b9-b0e6-717a-97b6-1903e287bcf4,nu.nl
019787bb-944a-706f-8bdc-fc8a368c3a2e,ndr.de
019a3cbf-11ed-746f-940e-7f921aa05764,jw.org
01958a05-67d7-7001-a667-8af3c56aac11,pornpics.com
0199203e-6d6c-773e-a3bd-0318a038beab,riotgames.com
019a2b19-bde0-74f2-ad68-0b6c65022144,bet365.com
0199b8ad-2fa6-72df-b19c-883a69808fb7,faphouse.com
019937a8-a77a-739e-b27a-3034d8ebada8,mmechocaptiveportal.com
0199c9bd-aa5f-7218-8a64-df6087826041,cookpad.com
019a071a-ca4b-75e0-8cdc-23005b7541ea,remove.bg
0199bbc6-7747-7088-be10-0e1ec3c76ac7,su89-cdn.net
019a0a34-b8d6-76bc-a255-d99ea6522642,dmm.co.jp
019a3595-c160-77b9-b702-4d3d155c4a4b,hurriyet.com.tr
019a28dc-7361-7314-9c28-b758b894a845,vnexpress.net
019a2231-d635-7059-a1f6-a1cb0b408db3,vg.no
019a38ba-093d-7386-a3cb-33e34edcae0e,mydramalist.com
019a2e32-96b0-71c5-9f08-c1ee6e6759e2,yale.edu
019855d1-b6d5-70f1-a30f-5782c8df1953,beget.ru
019a29c5-884a-773b-9ad0-7c090ad4611e,sonobi.com
0199af20-ec23-7380-9e1b-1b1662f4096a,spankbang.com
019a3f3e-23d5-72a5-935c-597547c7a43e,digikala.com
019a33be-840d-75c0-ac76-cf62c4815508,rightmove.co.uk
01986629-4128-716e-8cf8-4393e990ccdd,skysports.com
01997c82-1543-7722-8907-9ca87c0641fe,tradplusad.com
01976bb8-7b6f-7145-9192-31e6881193a8,boyfriendtv.com
019a3b44-9ceb-76a3-9b01-c40b0ce91764,lichess.org
019a3ebf-789a-769f-8086-c572345b72b6,apkpure.net
01992dc2-bbbf-76dc-8e3d-7e80077630bb,livedoor.jp
0199ef6e-2e8a-70ba-bf27-470035f75c36,janitorai.com
0199ef61-fb69-72d3-a3e9-14bf0a495c5e,ixl.com
01992d79-cbe0-766d-b1b7-e4dbf8421168,itmedia.co.jp
0199be18-347e-774f-9239-dc039adbfdc5,espncricinfo.com
01958f1f-84c2-7001-b9b9-8fefeaa5e7c9,mundodeportivo.com
019a13e6-7a84-73dd-9467-6ea622c88414,premierleague.com
0198fd51-4a0f-7778-a96c-b38f84444aac,indiamart.com
019641cf-c686-72aa-a562-0494c75fbd2d,apa.org
01959ace-62b2-777e-95bc-a3de02c003a9,cnnbrasil.com.br
01959a6d-20df-7cc4-90bb-a0088238f7b3,plos.org
019a3460-1d0b-76f8-bfb0-e898ca00f627,ynet.co.il
019a3bd2-78ba-71f2-82df-7be7d2da07f8,argos.co.uk
0199f0f8-a016-7418-9e7a-51f1469a5fc0,cricbuzz.com
019a2102-efff-76b8-b005-c61963052060,acesso.gov.br
0199b56a-12ea-75aa-9f23-8622161d4ea8,divar.ir
019a2e08-a094-713d-a791-bf0727412a85,abc.net.au
01986050-d769-7781-b30e-d778a5f6f1be,roskazna.ru
0199ab48-a802-7760-b34c-0b8952bef4d2,gazzetta.it
0197ac58-022e-75e9-9ade-0f5e1cdd3e2a,zdnet.com
01965185-ec36-7767-bc3a-9383b83bceeb,rocketmoney.dev
0199d36b-7048-77b7-98e6-e7f84d128a3d,psu.edu
019a3931-e1dd-76be-8dad-6ce49e97be26,perfectdomain.com
01974c86-6f75-731f-8e34-4f790d202cbc,cdiscount.com
0199a0b7-e3b8-77f5-88bd-9bc62bb7f897,sportybet.com
019a24d1-575f-77c9-9d68-8c911bcdbbdb,company-target.com
0199f602-45b1-74ce-bf6c-bef627de25e3,namu.wiki
0199ad50-27c0-71bf-9ca9-6fc12d80dc45,fanfiction.net
8a400b22-8f57-4f40-8dee-6045c90c616f,phncdn.com
01958f31-0ada-7001-86a1-51861e90f618,ladepeche.fr
019a3866-2d63-776f-b86d-34a29f5bda9a,miro.com
01999adf-d0e2-755b-aa57-448bec1d7698,hln.be
0197c6af-b577-71cb-a9a3-dd6680970f97,tgju.org
019955d5-9d85-721e-85ef-06894777d520,actu.fr
019920e2-e849-751f-b1ad-bdb3d937d98d,upenn.edu
019a1e29-d01f-72c6-8093-c9a0823e9f79,xfinity.com
01988e65-856e-74b5-9fca-9d001fb1bf09,redtube.com
52a1fe5f-36f7-4a19-b18a-eccc336b94a6,rfihub.com
019a3fc9-b58e-747b-aeb7-12ffc627b03a,wordwall.net
019a3633-893b-767f-abee-23cef1bddf3d,eepurl.com
8223b3ac-ae90-4751-9896-38f7be76f00b,zenlogic.net
0199ec2d-6613-702c-93dc-13aeeab05a14,idealista.com
01990b71-6624-70d9-a741-024c4cfa9842,naukri.com
01964145-5a55-766a-ba0d-83ba93349333,opera-api2.com
0199efee-81e1-7749-afd7-741226d8343e,funpay.com
01959b4c-0afb-7ff2-8e91-ecbe5aacb7a9,merkur.de
0199f81b-93da-731a-9301-d121b3cd1c0b,livedoor.com
019a3dce-3158-7305-83e0-afa9cd7e9a09,ddns.net
0199e742-8c78-72de-91cc-3c91008e6515,makemytrip.com
0acd562b-1e8f-404a-9234-d76f5efc3844,tendawifi.com
0199fd35-9961-77ea-bb93-98b75de31263,mirtesen.ru
019a2494-a880-7451-a127-842695a68b83,livescore.com
0199f025-a1f8-749b-bbb4-f149fe86ff5f,marktplaats.nl
0199c35a-7f18-7171-a872-181ed39fb147,lc.chat
0a1dafcd-e123-4140-a3e3-f0ce03364533,microsoftapp.net
0196c88e-7b41-7059-b6f2-82fd23379a97,hotpepper.jp
01988b86-dde3-7489-ad3b-9433893904ae,excite.co.jp
019888c4-fed3-71bd-9882-2055ad1c5694,ixbt.com
019a3aaa-a1e7-7306-9bd7-a92ec4395f2a,service-now.com
019a24a3-de83-754f-901d-1453d74ea231,jd.com
019a2af1-c008-76cc-8a4a-09c6b8c9496a,fetlife.com
0199d723-5a4d-75b9-b008-4a082e922634,myntra.com
019a1c74-5419-7365-86df-47ea460d4847,turkiye.gov.tr
0198e29a-c047-71ac-a467-20c63dd26e3a,donga.com
019a25ae-c183-7597-b9c1-215c16044487,emag.ro
0199d6f7-b607-7528-89de-2e3638beb1b0,wikihow.com
019a39bd-9e0f-7278-b935-a1e1795f00b5,amazon.com.tr
9f66c0ea-2f2c-41e2-b1d1-63609e0e2f6e,ultradns.com
019a3049-c173-76db-b6c3-c44d3c747ba1,odoo.com
0198029f-33f7-71bb-b99b-fc71c0ba2b3c,ertelecom.ru
01986640-a7bb-750c-bc52-07a00b70788c,nesine.com
019a2877-3a79-7066-8aa1-81eabd84ca7f,google.co.in
019826d5-908e-76b9-98f7-2d1c87eb4e7f,akismet.com
019a3385-15f1-743d-be44-a5d1b68bad34,zhihu.com
0196f200-7006-777d-ad24-d5495c2d92a9,calculator.net
01993a5c-00ac-735e-8829-7897ddd55503,subito.it
019a1e4a-fa61-73ce-9ff1-23cef7b8b1f8,noodlemagazine.com
0196ee49-e452-76bd-a3b4-b4c3f5d49e29,wetter.com
019a3039-12ea-708f-b2a6-d60bff5fbb71,bilibili.tv
019886b9-018c-7149-92c2-7bf59ebea097,autotrader.co.uk
d30dbd2e-7e14-4321-aa67-7d65cae7942b,igamecj.com
0199ec22-92f7-7379-b9a7-51f0716549ad,wowhead.com
019a09db-abd8-750d-b1f3-6231a42a54df,mercari.com
019976f6-4050-74ea-a9d5-798fb8e0304e,donmai.us
01993e82-f307-706c-9e79-fb987dd9805e,tbs.co.jp
0199f5cb-08a4-7699-8885-3f5ef77dcbf1,dantri.com.vn
019a345b-b999-77ea-b0b5-f238e4c5d585,tvn24.pl
0199861d-fe37-752e-a331-a012da289bfd,xhamster2.com
019a2e92-27b4-713d-9c39-22bf9a0f7d57,xnxx-cdn.com
019864d6-1644-76ce-99aa-20b90acd76fb,torob.com
0198d2c8-57d0-757f-8528-aae494620326,jusbrasil.com.br
019a168b-a575-7458-870d-a7ff8b17c52c,eu.com
01986abb-7fe6-7744-b2c6-4d8185a63cf7,cam4.com
0198a05e-1baf-7139-a3fc-6e67805bef3f,dlsite.com
0198d350-5f36-707a-b26d-c049ce0838c9,nintendo.com
019a25ef-2cc9-7004-b9ed-de737e8b1a57,wplace.live
0198166e-289a-7126-b74b-8505de86a7ab,dcinside.com
019a3955-e1d5-718b-b712-2af085531d6e,simpcity.cr
019a0a8d-4ecc-772e-8299-60c4cc4f682b,innovid.com
ab468951-daee-4e96-a179-03966706dca5,youjizz.com
0198a6a8-8dce-705e-bf19-711cbf537a53,thisvid.com
019a1be6-c580-7201-b826-184a9c48567a,bb2r.com
019a21b4-66bc-75e8-8c3f-20aa77665dca,gcash.com
a2bfc5bd-013c-4514-8fb8-4a51e8cca835,mbga.jp
01973758-6979-712a-92cb-9c4c7c3de497,dw.com
955b1147-17af-493e-b2e6-fea387d72d22,superhosting.bg
019a3a16-4c65-71eb-b96a-82ff24454b69,fdown.net
0199da4f-7051-72ea-b1b5-c22fe7a17ad4,varzesh3.com
01993c79-ea8c-7227-8d31-d3ad12584ce7,jstor.org
0199df1a-eba9-735a-975d-75d1e374fe67,mangabuff.ru
0196905c-bcc4-73de-bb67-ea5329ebd37b,xhamster19.com
019a101e-32e5-713f-a0cc-c64532e91413,aternos.org
019a1017-f5e0-7581-8613-136f275393e0,bmj.com
0199517b-e5eb-74ef-ad99-c24c086b8b98,litnet.com
57fbbdba-8b1e-4c94-a15c-a5dc22f5d15d,russianfood.com
01964ad3-8214-7712-98e0-1eeb7cc696f4,cloudflareclient.com
019a38fc-4dc9-7558-9906-aabbc1faa12a,obqj2.com
01980f94-568c-70f7-b290-d2117e7f0b2f,avira.com
0199a136-d0ce-7444-ac6e-8350335b082a,nps.gov
0199ec45-3805-778f-a86c-7ae05d76650e,sotwe.com
019970a4-200b-7049-8290-7e81c5dd0777,novinky.cz
019a36c8-f617-756e-8a6c-31dd1130b201,e621.net
01999040-9c7a-716f-a7b5-a8ed03d50906,ucla.edu
019a3165-fdd7-709b-ab5b-87fb59a7f913,cm65.com
0199782f-5f01-719e-971c-d9286a0ddb6a,cardgames.io
0198f851-83a7-733f-8322-d9fb952c4050,jagran.com
019a369a-1862-7439-a876-f2c7f962b8a7,madurird.com
0199c385-7a9e-76ac-b598-3d14f7c4d3ec,haberler.com
01959bc9-c794-7224-99b2-04a5f6255b2d,starfall.com
0195d5e1-05ab-7aa7-abae-96bc1a7f4ae9,aznude.com
0198f64c-8a5b-7486-897b-6f1ba8c30544,xhaccess.com
019a15c3-eafc-7557-9b2f-d18916105b25,amazon.eg
0199b7cc-4aaa-703b-b437-ac873f1d1ca9,iporntv.net
019a3f85-7664-71a8-a5af-c7931db72b99,hianime.to
01992e6c-6f28-76bb-8db8-6419b93ab144,hitomi.la
0199726e-059d-754c-b5b8-b3e20c407004,marketwatch.com
0198c217-e5f5-776f-9c4b-dfaee16ae71e,gst.gov.in
019a18eb-72e9-715d-b75d-7a410644875c,woxh.world
019a2ac9-a907-701f-a76d-a6e1098b19d7,asuracomic.net
0198fc89-b521-7009-8a90-7a28cbe4dead,xhopen.com
1b447805-de46-4ed1-8b32-2ba8d0588d6d,pornhat.com
019871f7-5253-719f-ab5b-0562424bf84b,e-hentai.org
ec669236-178a-467d-8585-a0eeae52551f,xnxx.tv
019a0c3f-141f-70e2-8c13-de6f741f0aa9,va.gov
019a292f-cee6-7168-8411-39affeb53ef8,rule34video.com
3f238eb9-16ac-41a4-a1c2-e3cbd34627a9,xvv1deos.com
019a2bee-ca5b-76ee-a944-374804a1f706,missav.ws
0199e88e-9b70-75fb-a9e5-2b996e7e6b1b,newyorker.com
0198ca22-9c01-754f-ae87-34e907a201a6,jalan.net
019a3714-2a76-7149-858c-853000c6ce3e,kemono.cr
0199defe-70ce-711a-a9ff-42b31ac9eb29,dagbladet.no
0199ad04-89f2-74b5-b4ba-79b6b8af2b51,boardgamearena.com
97161d6d-3c35-43ef-9728-b799d92dbb0d,xhamster1.desi
019a3874-84b3-709d-878e-6323f919a8eb,x3os.com
90f059cc-1449-4eb3-971f-9129d5cd117a,incometax.gov.in
0195a2e7-fdc9-7663-a23d-625f0612c4bd,pornhub.org
0199935a-7307-7258-a114-6ed863058854,jable.tv
019a2cc5-d77c-73f0-86a2-9b22a6d8e9dc,statuspage.io
01978c94-ff9e-71c4-b13b-553516f2af37,bookmyshow.com
0199c730-519d-762d-beba-e309067b1933,tenki.jp
019a3842-b88c-7427-85c7-e97a23118ea3,p2yn.com
01999811-eea1-7668-8f6a-5be79b7b2dae,xvideos-cdn.com
01973c4c-dd59-7784-ad34-a4b6b7724745,apple-cloudkit.com
01999f13-8472-76ac-9032-d0a193d34308,weathernews.jp
0199f53e-e34d-7159-a914-19ba10a4aae7,mediaexpert.pl
0197a306-04e9-76bd-a76c-4b4b587e4883,xnxx.health
019857fa-90c5-73ab-9810-ef53442c4d33,hamsterix.today
01992d39-08f8-73bd-96fc-2c6fe9669939,nikkansports.com
019a38ac-f001-7675-ba5c-c8d6587dcfc2,amt3.com
019a10b4-21bd-7218-81ce-7d456734ed88,oecd.org
01978325-7dfd-7463-8aa4-d9cde10a1877,porno365.bike
019836d1-2fac-765b-9bdc-4c1572a66ae7,leroymerlin.fr
01997a2b-50df-754e-b878-437ed9db9c44,justdial.com
01997fa2-e4f7-775e-9008-442d6aedb5b3,meb.gov.tr
59c3c7d3-9f6d-4a14-a875-ea91a5881ed6,wpguardian.com
019951c7-09f1-709a-a96f-1000e6332fa5,navitime.co.jp
bd9acf5a-615a-48ad-a91c-784585a88c53,superporn.com
c842f7de-5249-49ae-ace6-8ffaf0e88180,fmkorea.com
019a3a2c-8b95-75fb-a350-7bf89f242871,ukdevilz.com
01994e47-2adc-7186-b64c-951d1dc42d78,sozcu.com.tr
019a2f32-4b50-72c5-b900-c2b0db74ab79,game8.jp
0199736a-8812-72db-99f4-bd45cd2e5315,suumo.jp
3d8d53b1-7285-4f98-a79b-1001227b503e,wpguardian.io
0196632e-ab10-703f-96f4-4ec38a7ffc19,idealista.it
019a3529-19b7-7378-881f-98bc6097c2c3,iltalehti.fi
01996678-c397-7198-a53b-3185a8c49908,syosetu.com
019a3089-952f-7255-9431-b98f0fb25e42,irs.gov
0197da06-08c5-7409-a74b-39a102d349ae,ilmeteo.it
8a81446a-cfb6-47cc-b22e-626f43a914af,imagefap.com
0199f257-d779-72d7-a7cd-d73a0c04d9fc,18comic.vip
019a38d5-5ccd-74fc-9cc9-261d6c5debe3,1mg.com
019a0a52-77c7-74bf-8354-5308272282ec,index.hr
0196b2cd-cbae-73cb-aeb8-3b19d4191dc1,youm7.com
0199c8d5-714c-7233-ac06-f8d63484523d,24h.com.vn
01998911-79db-730f-badd-b316564fc34c,granbluefantasy.jp
6553c8b3-8a6a-4f7f-ad5e-f9fb3ae8b54e,tori.fi
0195d3f4-7a9d-799f-b4b3-cf5e9840134c,khabaronline.ir
019a2f9d-c608-745d-8a1f-6dc1027a5cfc,bato.to
0199eab1-ab1e-74dd-a1d2-e1631d6d8fab,uidai.gov.in
019a2211-4bf6-7289-9187-8afdb5699b23,protothema.gr
01992db8-5033-739d-8dee-d2da0e79a9a2,carsensor.net
0199d4d7-762c-754d-a19a-8c0dc9205857,cityheaven.net
0199536d-e68c-76a6-988e-4e123118031f,otomoto.pl
15fcf194-b0c5-4bbb-a74b-27610d28ace5,hdporncomics.com
0199e694-628c-77fe-bd02-06f32cde6934,jutarnji.hr
01992454-bdc1-7718-81e9-7cc9f94f4294,blic.rs
0199fad3-3908-7408-bc12-46146ac3fad0,trustarc.com
0199d1fc-66f6-7317-995a-dc545d522702,algolia.net
0198d261-44ba-73d9-a4a6-caa50d1be220,hollywoodbets.net
0199abd7-1b56-713d-9a46-eba3616068ea,ficbook.net
0199dcf2-c371-7119-9dff-ba107a234dae,gelbooru.com
3c4df569-bde2-48a3-8212-9ea52a94d218,beboo.ru
0199ce29-a2ba-71cf-a365-e04063596f94,milliyet.com.tr
019a0743-b389-717b-926c-02c3304bbb01,ekstrabladet.dk
55052275-8b75-4b42-91e2-e7610b0b9291,eltiempo.es
34d68d9b-08a0-4d5b-9316-54a94586c365,namasha.com
019a3b1b-709d-71bc-9b7c-85ff1c9aed7a,ssstik.io
5d4b8184-a4bf-4d71-a915-ace222c56ef5,3bmeteo.com
0198561f-06c0-720f-857e-bc6ab182c7ff,sweb.ru
01980d9e-1891-72f7-83e2-60c3e06b73dd,betway.co.za
0199f7ee-0227-76ee-8967-2b927cbb9f51,alipay.com
019a3b5f-b08c-730f-a333-4e65b776251d,kooora.com
c66f3870-7428-4061-92c0-262074f046f8,filmweb.pl
0199cd4d-57c2-747b-b526-cb5beaa5ebe4,snaptik.app
019a2748-30a5-778d-ac46-1642773b9b8a,badoo.com
0196a9ca-9b32-72ad-be98-4f2683417095,luxuretv.com
019a1a1e-84be-733f-bd03-7f0405362082,gamewith.jp
0198ffbf-a49b-717c-99e7-c01f4a369b61,fuq.com
01983d0d-5b5c-731a-8522-8b4ca95d8a45,mat6tube.com
01959a63-81e3-7aaf-ae0f-60828af6aa50,programme-tv.net
0197a6a8-cb28-77a6-b715-ecf15a156232,sxyprn.com
0195d037-6126-7aa7-ad9b-51f5d304f65c,motherless.com
019a3cf6-96be-738f-8185-db9935449322,fapello.com
0199daa6-bfc9-709e-8bd7-c893e35ddb08,xbato.com
019a41ae-b8c7-766a-84d6-707d02dad46f,aniwatchtv.to
721e7150-a329-48cf-a165-aa1763bc7587,pussyspace.com
01959cd1-6826-7bb9-a8fb-01fee32c1264,inven.co.kr
019799ae-6d30-7680-acf4-8e2d8afc409d,tokyomotion.net
0199f820-c952-73ff-9f7d-8fb65a1eacbf,myreadingmanga.info
0199733d-e695-749b-b106-366e0ea0a29a,sun.com
0199e58d-e23b-7432-b947-9b2a690a95e3,eenadu.net
019a4297-740f-7148-ab49-711ee12de20e,liteapks.com
0197cf94-b652-770d-95e0-be43cd2c1854,nsone.net
0199a6c7-9e12-74de-8ea9-799edb738b80,toyhou.se
222a0b8d-0618-450d-b50e-fc16f91fb4a6,lgtvsdp.com
01997fb8-7d25-75da-9a67-33107ffebf65,mangago.me
0199eff9-5da4-72af-a1ac-66ce34d0cd40,testbook.com
01973648-ff47-75f9-8180-d6e80a8f4df2,sondakika.com
0199aa88-20dd-7316-bf79-c79e7da98087,manoramaonline.com
14ee0771-2df5-448a-9b99-bbb3b5d59ce4,forebet.com
0196d958-87e1-70ee-a430-7a3a2878ec18,njuskalo.hr
0199c757-8525-74a8-a752-493155e77d74,cafef.vn
019a24c1-287a-719b-a607-eb9676b2f35b,zozo.jp
01983a41-48f3-7029-9c7a-3dd6dff0070e,porn300.com
019a363e-0b3d-7213-b656-8ff8eb16431a,fantia.jp
8681c5d5-dfc0-43da-9463-30b9df5bdc88,xnxx.es
5260f1bd-ce88-432c-9e6c-00c04c3f15ff,kompoz2.com
4e4419f2-9c5a-413b-825f-c1e8e055c281,xvideos.es
5613407d-de4d-41d7-8826-69d002cd5d7e,cmoa.jp
019a3d09-9200-75fa-a8de-9a878515cd91,bato.si
0199df83-df0a-7129-8aeb-e0ac871acec7,mangabuddy.com
0196aaf8-2f3a-73db-861a-6f5c755833a5,xvideos3.com
0199a118-078f-777e-a538-38d968d1730f,fastdl.app
019a25ad-dd04-71ab-bcc7-e2ba03297bb6,novelbin.com
01979c0f-e7b2-76d5-95b7-d64cc414f8d5,bt.dk
01989737-b472-72c4-91a3-57c565bc2b48,69shuba.com
01959d22-9708-7cc2-b084-dbb5e3665b55,doubtnut.com
f37b5ca3-87e8-4f26-abfb-603d80519141,nosv.org
019a1f3f-7afc-739b-aa9b-1f3c8bb36d68,missav.live
019a389a-97d0-718d-b7be-26682efa776a,dhl.com
0199ea96-a891-719f-89e4-74b2d725b671,exhentai.org
01959ab5-6172-7009-aaf2-d4fdc026cb30,prokerala.com
057f1b0b-8a75-4d62-a679-a5c52100a33e,livehindustan.com
019a1e50-c4f9-7358-889d-f0335089deb7,123av.com
019a11d4-595f-72db-9761-334322267542,messenger.com
22f593f1-fa3d-4849-be28-53ae77699c19,banvenez.com
0199ac5b-9f58-75ad-8f60-66f1254b713d,wisc.edu
019a42a7-68fb-77df-a3bc-cf9299d6319c,missav123.com
019a3c12-6eb6-7238-85da-98e41246366d,sport.es
019a0abf-95e9-75d3-8010-08bf59205548,abola.pt
019a2e06-e5ab-7665-82fc-f0c9f2d73eeb,supjav.com
0199dcdb-f0a8-768e-9d96-9337d78a8455,sssinstagram.com
019a07e5-c8c9-73fc-95bb-b01a9e27f0cc,komiku.org
019a1475-bbe8-77ee-b680-104791c68478,hanime1.me
b42dfd6e-607c-4df5-9685-32eaa5abebdc,qorno.com
0195b880-e431-7666-b6d1-81f4b07b828f,ifilo.net
0196a408-9305-76f8-8551-12cbe35c8b92,xnxx-arabic.com
01977df2-92aa-73c9-b035-9b74b96fd7a5,ptt.cc
019a2bf3-109e-7166-9008-d598b15e2f80,missav.ai
0198eb65-1a92-7598-9f05-7a60fd2b6535,ninisite.com
019a2689-ade1-728f-83c2-c414fd390223,wnacg.com
019a3f57-5b11-76fb-8213-6cab29b3a16c,moviebox.ph
0198982f-5d48-74fe-bf77-6ddf918c2f38,property24.com
01980dc8-bb52-71eb-b11f-221410221a04,carwale.com
cb800ff9-3315-48b1-ad1c-6fd1542966d2,upmusics.com
01970277-4bec-71cb-92ef-43fdcd58c7fc,aucey.com
0198f09e-2a09-72d9-b77c-f6b37c360fc3,goodreturns.in
1008b821-fecf-4dad-bdc1-bc2bafd588da,taktube.net
0199ba70-56b1-763c-8cd3-dd6103f5a216,case-battle.life
019938b3-7c55-778a-b090-23aae5141d6e,shahvani.com
0196c42f-9d5d-714a-b153-6c7e2afc742d,kamababa.desi
01996dfb-07cf-7287-b72d-d65418fb6754,luticlip.com
01960f49-4c5d-71fb-8074-9c8293f2f54f,xnxx2.com
01989fcb-49f9-77cf-9250-35f6c0284e27,listcrawler.eu
019a3d30-bd2c-723f-b5b5-783b08429401,fatalmodel.com
0195d61e-728e-7ff4-b289-d67bc136bf1a,aajtak.in
019972c8-7aa0-7522-b2d4-3bab63a30b50,mongodb.com
0199cbcb-b281-705a-a4c2-4f3836005652,uci.edu
019856d9-5b10-709b-8528-9378b04b951c,sexlog.com
019a409e-46d6-7489-bdcc-efb83ed58f57,tesla.com
0199dc94-9d2b-70ef-8585-11c9a442d6e1,digitaloceanspaces.com
89978c70-4fc2-4eba-b916-8a0847cccdc1,chordtela.com
8aaac2d1-de9f-4a9d-89cd-08a0f00c2f13,smi2.net
433cff1f-967f-431d-934b-37ea3b3bb5b8,lausd.net
01998a1e-726b-733f-8dae-426d1ad00bef,epfindia.gov.in
01997771-3020-734d-84b4-c63cfed1fce7,casinoplus.com.ph
20e770ff-83bc-4d05-bcdb-7c4dafb98a7e,olimpbet.kz
0199fbad-d3cd-7799-a499-32afa2dbab99,arca.live
0197ff97-fdd3-738e-82bd-e30157a85f06,ruliweb.com
09a9ab6c-2162-4f6d-aa0e-49dbb743975a,geny.com
415898f5-dbc1-425e-bf62-b7f02e8c8a9f,rokna.net
01995aa0-e567-75dc-ab5d-bb270764d5c2,vice.com
019a102a-2335-702c-af91-b39f39bb0736,meteofrance.com
019a35ea-3e4a-77da-83ce-8da5eaefdf77,battwo.com
0198e9fc-4e99-75ea-8bba-3f0f51772664,croxyproxy.com
019a39bf-e911-756c-96e2-71e2b749942a,cardmarket.com
0198b8e9-fe9c-7229-a4ba-03eae3bcef66,ppomppu.co.kr
019a115f-6d90-75fb-adb5-6c40e14643ad,search-redirect.com
019a316b-cc01-7503-b83b-c3db2be89edb,joyclub.de
5fb94a1c-0020-4323-9005-af2291dcccdc,nic.zone
0199d75f-7e8e-771f-9d85-c0c23102db62,parivahan.gov.in
01992dae-eebd-77c9-a4cb-012bf4170fff,netkeiba.com
606442b0-5615-47d8-97bb-ebe416e239cf,serviporno.com
0199f855-4942-759f-85d6-cde912764f36,mto.to
86405b48-e172-4052-9e2f-dbb8868e37ae,apigee.net
01993900-553d-71b5-ad8c-3d90ba567117,psiphon.news
019a0fca-e926-76a9-988a-97c33565f44c,goojara.to
01999afd-1260-7082-b2e3-caa79e4d0f41,onlinesbi.sbi
019997ab-d095-7369-a81c-ea98f911fb72,sinoptik.ua
019a3a5d-1ba9-7073-b111-343a1ecb1808,admanmedia.com
019a3b5d-5396-747e-9ff0-bdb2be2ff782,y2mate.nu
019a0be7-f955-70e9-b34d-ce3eb2b5a26c,xosodaiphat.com
019a2aa6-53c3-77f6-a1c3-e712fe938ebd,an1.com
019a0456-421e-725f-8ecf-a9bcb25cfe08,bingoplus.com
019a3745-971e-7487-bf72-cafd17dea78a,www.gob.mx
019a3d76-01c9-7212-9159-86aab7e8f4a1,rakuten-sec.co.jp
7cc51395-57b8-400d-920c-267303070e12,bikewale.com
01965cd1-36a2-76fd-a299-1144e27222d5,ladies.de
019723fc-3cbe-7070-8d4a-c8d5e2041de0,alura.com.br
0199bfda-0133-731e-91d2-8496286abc5c,nickfinder.com
019a3a22-569d-7608-a61c-9d99df2f617b,skipthegames.com
0199af07-eb62-76cc-9f7e-2d3d8c59fcba,syosetu.org
019a348f-b525-77ea-9f2c-b01fd2526f3b,playtime.ph
01994424-8653-7421-9c2d-82e3dca62e1c,natomanga.com
019a4330-7a53-7759-bdce-9be0d243726d,hochi.news
0198c121-5b53-71cf-837a-7e344a421e53,skokka.com
01994272-e43c-753d-8ffd-7cb368d6a5d9,theqoo.net
4cfa8c9c-5a95-4839-bcc4-14df16fd1be8,patria.org.ve
0199a45a-d18f-7617-a717-79f3cb7cf034,animanch.com
019a2e9e-4ed1-742e-9700-e8465754d8f9,mechacomic.jp
0199934b-adeb-73fb-989e-84ed2fd747f5,mangakakalot.gg
6c3685c9-a7e7-4fdd-93cb-26354efedd7a,happymh.com
01989a31-9e74-76bc-a3ca-d952a4c027d2,xhamster43.desi
0199de7e-aab9-710f-9920-2841ab4fef63,52shuku.net
019a05f7-3b8b-738d-88db-3da0e9087216,fabswingers.com
019a40c5-4bd1-744e-8d31-c433688f938d,hulu.com
0197f9eb-9e2d-73ce-9f3f-24c7113d25d6,fanmtl.com
0199a62a-cfd4-726b-a87f-26435bd9ef83,adrta.com
0199a831-5c46-7372-a182-959712589e3b,kakuyomu.jp
75dee7fa-3960-4696-965b-3ce8835950ff,diretta.it
0199873c-e12a-7299-a7b0-cc75c043f1d0,truyenqqgo.com
0199800e-e3b0-7109-bd78-df78062b6aca,screener.in
76b06626-10d0-4a4c-ab61-7ed7ac15f8d8,xpaja.net
01976350-68f5-738b-b898-f70ede28c2b0,autoplius.lt
019956e0-2467-70d8-8f2f-fe8f1a10d6f9,webempresa.eu
01984ebe-2711-755e-a416-903792fed3c9,bakusai.com
6adb9419-b6f0-4b5a-a929-debe887cbf4e,xoso.com.vn
f5d82060-e534-4ac7-aaf6-b618b307eff7,shahrekhabar.com
0199dc22-8f91-70bc-98e1-60e3a607c7d1,betika.com
824155aa-2455-4d1d-8c6b-88393fbd6882,footprintdns.com
019a3b7e-0806-714b-99da-f4c85132eb1a,googll.store
0199833a-3891-75f8-a806-4b7cc5a2e953,piccoma.com
01997c68-89c7-760a-8b92-a7f4c7a43c40,gtm-a2b2.com
3c0abd5b-729b-4685-a972-e194390fec25,promiedos.com.ar
019a2d88-874e-708d-8286-1ba285a31cf8,czbooks.net
019a3f86-1d8f-724e-bb49-da06b419dd34,njavtv.com
0198c455-c9c6-732e-bc7b-a966d483a945,sexalarab.com
ec32ad00-3ffb-41e5-83eb-63338659117c,saednews.com
74db77fe-038c-4f60-b3fb-4e5bdbe52620,ijavhd.com
0199e74e-1720-7113-ac8c-2ff8efcb425d,manhwaweb.com
0123b020-d59f-4cc5-a2e9-9ed00c6541ea,eroterest.net
57890192-6fa8-4002-a66d-8fdd3619c890,sexemodel.com
0199bcf3-e5a5-7403-9feb-6e10a6e7e414,tktube.com
3834d210-4132-4f01-9c80-bf0ea08a25fc,arabx.cam
019a17b1-b411-72f9-a7b6-21a715c7859b,zonatmo.com
0198d3ba-9672-7488-b54c-c70cb5f2d080,oneindia.com
fdcd4d11-1352-485b-8104-8a9b7b3c70c3,fabguys.com
80d34617-4fd6-4449-bf4b-5a062e1555af,pornocarioca.com
0199d2ba-c219-76cc-a7f4-001c71c6f72c,fc2.com
019a028c-a09f-7410-8f32-529b612b0305,lectormangaa.com
0199eb2d-47a9-73b9-84f7-dad438461004,stackexchange.com
019a3aa0-f620-716d-9ffd-b81787241030,tmohentai.com
019913bc-1551-73aa-95c9-6a176708f1a1,goal6.co
019a3558-4e85-734a-8d8a-7e44c57552ae,fedex.com
e84fba87-b800-4d4f-8d76-8cc90abea761,sidrachain.com
019a18ea-968c-73d9-a416-014bd2fdff09,jaya9bangladesh.com
d99232a2-51cb-4bf6-89d1-71de50d57fff,xsmn.mobi
019a11ae-b77e-765f-af0a-c74105d6d9fd,ss.com
019a3afa-3474-71cf-a467-1458bac4f2b5,momon-ga.com
8a4d5385-e30e-4b87-b86b-3f0963174ad7,tjk.org
212afdd0-e1be-4513-a2f7-c92691bdd014,wikitree.co.kr
019a1596-1d78-71fb-b31b-2467b3e2ee05,cloud.com
01993d5b-746b-736b-afea-89fe0f0db019,betking.com
0197e6d6-02c3-73cf-a0f3-e436cf8f8565,ojogodobicho.com
cf55bd27-8b25-4be8-b79b-6d5e9e35519d,apornvideo.com
0199aa8a-9876-7715-9666-52ed54b850d5,skelbiu.lt
ed042783-7518-4645-b258-950aa001f131,conectate.com.do
01972e03-a51c-745a-a92f-a648e83948f4,anoboy.app
0199c7fc-6a8a-7247-93f4-505d7ed674dd,az24.vn
0197ae00-4cfc-73c5-a815-aae8badc4387,exclusive-spin.com
0199c23a-df3a-7515-af8d-fe75de315d71,freejobalert.com
57d55a6b-e92a-4b11-a9ca-698bd70d2c7c,publi24.ro
170b324b-e4cd-4639-888a-acf4c6353c28,flashscore.fr
019a3943-30af-747c-9151-a408c65f915d,metropoles.com
019972b2-9ea3-76a1-bffb-a1076a21edcd,flashscore.mobi
269f24ac-0cc2-47db-adce-bf448d607525,scan-manga.com
01994305-87d8-7483-8a71-b1c567ce4fdb,humoruniv.com
0198e321-cdcb-72d2-9051-fd922d0b293c,escortbabylon.net
01992cf3-12ad-730c-8b55-f2b1b4bbc589,dogdrip.net
0196071c-4881-723d-916c-69a0a5927804,escort.club
45b6c9e2-1a86-417e-afc4-3c3d0734626b,simontokx.asia
0197e739-da0e-767f-a9a1-24e480497611,botinok.porn
0197e6c1-df5b-737f-8a59-dc7279cb470f,ganamos.io
9283b2f8-e546-4c58-9d06-bac79848520c,jra.jp
019a260d-bb4b-7627-b91d-66c2faf5468c,turbo.az
aa143365-e002-47a9-a26e-d9b7aca1f16b,betpawa.ug
c87c9221-2a9d-4d01-879a-1545e9801093,bakecaincontrii.com
019a3bd9-6d5f-7278-84b1-4c9a5a2d8ce9,typekit.com
137f985a-affe-4866-8df1-f0ca43470453,espn.com.ve
16f61681-914f-41ea-bb21-927b95285e55,thscore.mobi
0199fc38-eff5-708c-8e6a-a8fd0574b1ac,sextop1.page
01995e17-1cb2-76dd-8d50-d5399bfb9576,ecnavi.jp
0199fc38-eff9-7128-8f3d-c04a099676c5,xnhau.sh
019a3590-8377-7702-bc3f-5fc358e49b70,arionplay.com
e1eb90da-caea-4702-8b09-707f8e3b78e5,shaalaa.com
019a2ef9-2834-75bf-9410-7db3946fb1d4,av19.me
01985e74-f515-71dd-b4c5-ea96aefdbd67,triunfobet.com
019a2345-cc69-774e-ae13-9c064c9f061d,girlschannel.net
d5393034-54e6-4e20-afde-d7ff26fe32a1,mobiledokan.com
e4195d47-b834-4972-9bbb-d622cbc13c55,annunci69.it
019a2ecd-4f97-72d9-962b-8acad3148d05,sarkariresult.com.cm
019a1c58-c3be-713a-adbd-769e2d01b0ee,yasyadong.cc
0198c9c6-8e1c-719c-810b-af37c64fc1c4,tuazar.com
7953daaf-0cb1-40f7-b510-2a4f6c4b7dea,oddspark.com
0198a845-86ea-73fb-ad43-92842ec4ce38,afribaba.com
0198bd8c-7f9c-77b9-9124-8e9ba67243f4,hdhub4u.gs
0196711d-ef23-732e-bf8c-44c2cb98385e,salonboard.com
01960b1a-f636-7298-b96e-83bbe01889e3,wannonce.com
019913cd-7899-750d-9013-ca1d31c1fa59,allyonostore.com
9510691c-11b1-4bf6-974f-b4f3eb5bb146,bebesong.com
6a8d0b8c-7ed0-43b7-9fd0-536955dbe621,phe18.vip
61d7713b-ca66-42e5-bad3-53182a6831bf,livescore.cz
019a1c03-e046-76ca-8070-b5df42bb8199,yako.gg
58d9256e-7f40-40de-8a5c-cce2ff84beef,linkmake.in
9d8dcca8-b4e7-4dc9-9999-a8a2ca315dee,dto.jp
01990510-261d-729d-9b3d-e42f37a3d4b3,mobile.de
01999912-e74a-76b8-8119-0d26d01a7c9c,letras.mus.br
019a396a-4a89-7279-b6a9-cd9318471180,com.se
01999aea-2945-7499-a749-6f42baad1e5b,gimy.ai
019a0d3e-64e1-7782-9b61-ffefe28dc4c0,pluto.tv
01990db3-284d-77bc-be87-bfda51352263,sexdep.blog
93637b7d-cefd-4ebe-b95d-50c8e20629cd,ntppool.org
019884ed-804f-706e-8efd-b011fa17f2b3,nkiri.com
0195ddf4-e278-7000-8456-640d3588f8ad,sattamatkadpboss.co
01973dea-e909-742d-aa54-24b743ea4acf,elephantbet.co.mz
019733ea-875e-74fb-9a15-94e75ce94263,tjsp.jus.br
019a41c9-06a8-72cb-86e9-2abe20edc2ed,9animetv.to
019a0c73-2542-702b-9807-35b4cd07bc3b,mingky01.net
e57a5a95-e2b5-417b-ba2d-5a08748f3f6a,satta-king-fast.com
01985b31-7673-7107-b981-8ae7183fef9b,dpboss.boston
8c34d993-e82d-4654-892b-8accf389889a,staseraintv.com
019974ba-fc55-7584-bf7f-007238e497f6,kkstories.com
019a3eca-df77-7598-b524-9108b977893f,mangaraw.ac
01992f8d-9ad5-771c-bc8b-cae8afa1291e,playinmatch.com
01999057-6b97-738e-8f5b-7894f23ee213,tvwiki22.com
bbbc2fe2-ff3e-4195-af9a-015c1f87fe05,xvideosporno.blog.br
019956e4-57b5-7082-af9e-5e346ae9b4aa,lotterysambadresult.in
0197b78d-9a49-7741-aca9-a804378b2a7d,satta-king-fixed-no.in
8961ce8b-c819-43a5-9ae3-ddbf0b184996,ibomma.foo
019a00f6-dda8-74ed-abd1-21827c4aaaff,ad-delivery.net
e0603b6b-3700-4feb-8c27-eaec4181895d,sattamatkano1.me
0199bfa7-f359-74cd-a3ba-b8082bbf3145,sattasport.in
019913d2-9da0-718d-a09e-bce2967098e8,hdhub4u.menu
0197e6fa-b80f-701c-86c7-ae8ee61fbbf4,nirvam.it
01986498-1473-76ca-ba82-c348d9d5d2a7,66lottery20.com
01962136-e24c-705b-8dad-a4ec5e494aba,mobcup.fm
07ef8bf1-2b0d-4a45-9334-446d4bb5713f,nregastrep.nic.in
01959c28-729e-7009-ae97-d0d2f2804022,midilibre.fr
217f715d-246e-4850-9444-b37bf5b06d14,mnregaweb4.nic.in
6ff25bb0-7cb3-4172-9a9b-623c4c75f093,xvideo.vlog.br
0197cd21-6c0c-72de-a2c4-9426a0a8a7e2,namestudio.com
019a31e2-d56d-77ed-8203-f15c413015b8,amagi.tv
019932ce-9dc2-75f1-b25f-d26c40b85427,oricon.co.jp
019a2e71-8687-77f6-bf4f-e689f244d9f1,usercontent.goog
019a0258-fecc-7738-a078-01e1b56e064c,vtb.ru
019a314e-c631-718d-a0aa-1da52f1314ba,letsencrypt.org
0199d899-82f1-7301-b823-9f3afe9a7873,sitescout.com
0199dea9-ea92-73bf-b0bd-ba51a255c2b2,umn.edu
019842f2-ec64-77b0-9450-adbbb61cd5f3,wiktionary.org
019a42ae-b400-713f-9cb4-6ab5674a2365,tawk.to
019690a2-eb65-74d8-9564-f71899a43611,4wps.net
019a297c-7872-77fc-a27c-a85252d99688,domainmarket.com
01980beb-e79e-7144-ac15-e7988e6aa202,typepad.com
0199c137-96fc-764b-b516-2c853441fb46,pewresearch.org
019a2509-b8d5-7555-b256-21bf9de81546,livechatinc.com
6d5b0abd-5690-47cc-a6f1-80d25edfd7c9,buydomains.com
019a06f7-8e41-707d-a597-2d4de7a230c1,iana.org
0199e8e5-e4a1-7762-9503-512fc01b3cba,vmware.com
019a3a93-0eac-7628-82ed-1dcde63044ee,canada.ca
ff3bcd79-bcb0-464b-bcf3-7204a5469757,purepeople.com
0199ece4-8baa-75a0-b036-56cc8247249c,karnataka.gov.in
fae79415-e13e-476b-a034-0c8932835481,telegra.ph
019a4261-78f1-70ba-b9db-e093318488a6,mashable.com
01986461-1896-738c-9a4a-d10749fe8f3b,business.site
0196ed96-23a5-741f-9638-5e2c1dff0fe2,hqporner.com
019996b0-b50b-771d-bc38-c16c557f3478,cam.ac.uk
0197d090-63bd-77e9-aabe-0451f980e286,postgresql.org
019a37ac-9887-7798-bdb4-7dd5a7553045,themeisle.com
8c1a9f35-9b9c-4ff6-b4c9-495f7d0ee75e,nic.media
01985048-9600-7630-9a4a-6db80ad2c2a0,nest.com
01958e72-8a57-7001-a431-6935445c1c0b,elegantthemes.com
527d46c0-5d8f-4502-89ec-7bab0994988c,msauth.net
abf9c4a6-4083-4d61-8e63-d9d2ea450a75,savvis.net
019a02d2-14e4-7373-a1f6-fd3b778e8e3d,amd.com
ff46ebff-5a0e-44f5-ac59-7ae3f1cb6eb6,musicdel.ir
5f912a8b-0872-4b0a-b64b-080ba87348c2,ui-dns.com
019a10c8-99f6-7188-9a6d-28a9433078ec,nya2.com
019a42cd-e7d0-75a8-bf1a-22e7a8120d5a,variety.com
9d11bba8-e555-4b22-9d9c-7a011607a7d4,webhostbox.net
0198bd50-84d5-70c9-985b-d956eb920de7,deltaork.com
01997834-f868-7524-9b12-5dc350c082a4,medicalnewstoday.com
0199e89c-9683-7465-a2f8-194aa6058210,vlr.gg
019a28a3-90af-74af-aa9f-c4fba5fbfeb9,azet.sk
019981b4-becb-70ae-bc02-97ab3d6f31f5,acs.org
019a28a6-a1ef-718f-8e01-bc95df6b7e90,jut.su
c7f87f79-0b5f-44c0-87ee-fdd0f99a65cd,meteociel.fr
019a41db-a7a2-775d-904d-1b8442b406ab,overwolf.com
0199f2bc-5512-7090-8cc3-f1b92a0dff16,fedoraproject.org
0199ff0a-c09e-7214-baad-89ef42102df4,eff.org
0199ea6a-dcd7-760b-b47c-1e5934f091b4,datadome.co
019968cf-8e73-77e8-9345-6d440064bf48,wto.to
019a435f-300c-7309-81e8-b1c4bc362b8a,aka.ms
019a3b4c-65aa-765c-822d-9f0b4120e9ce,sendgrid.net
019a10f5-2cac-706e-a499-6ce8d1f3b84d,absher.sa
0199e57d-2138-70ed-8bc8-d17f7af423d9,elsevier.com
019a4270-9d4b-75dc-b6a9-b0c109359374,nova.rs
019a1250-7991-7579-a1d3-42876b90e902,snapinsta.to
0196becd-4d40-752c-93c9-56a7ee04a371,slicedrive.com
019933b2-80ff-71a6-8fb8-a46d69667f57,tiktokio.com
019640e0-2fd8-77fe-8496-83200564d3f2,xhamster.best
0196276c-88f6-767c-9cff-79c43f6e17f3,mamastar.jp
019a4214-8a3f-773b-9038-b326437dfc5e,fb.watch
019a187b-a9f6-72db-9b61-84f82274e58f,threads.net
01956db6-c097-7884-b51d-ad44077ff07f,sakshi.com
0199de9d-a044-715e-b20f-00263e370050,zefoy.com
0199c5a3-534c-77d4-8053-caf06f6eb298,cmu.edu
019a3d67-7078-70b8-ba78-7e4dae499cc3,admin.ch
019a2217-c187-711f-890a-c04abe2779ec,sport24.gr
019883e7-100c-77d5-91b5-50f7c2f4f2a3,avito.st
0199150d-60f4-71dd-9aa0-2a0857c6f21e,remangas.net
01964366-1afb-77b8-a45a-812216fbe2ca,mathtag.com
019a3a98-1e61-72ca-8ce0-d571e7c0458b,coinbase.com
49160959-7fa8-46e4-893f-aced74401673,canvas-user-content.com
0199cf05-75c5-76fe-9916-5a092eeda9cd,hpeprint.com
019926d6-9de7-72f8-b356-caea192914e4,fastcompany.com
019a43a1-ebce-7365-bdc4-ceca4522bfd7,twilio.com
019a3b2c-3600-71cf-9511-74adb88fb466,constantcontact.com
0197616d-b0ac-733c-ba68-612a1d198de0,avsee.ru
019a21c1-4499-75dc-8f43-5bde3e0b3f41,anime-sama.fr
019a3e46-70f7-74ec-be71-91dd75d660db,pmkisan.gov.in
0196b147-33a6-73ff-8644-7834095b7a5a,sciencedaily.com
0199fdc7-6748-7624-b62b-44dafdd782e3,pastelink.id
0197bd37-f12a-75ff-80a8-243b66ccfd24,udiseplus.gov.in
294ae4a9-f4bf-44ae-b001-ee5237454c11,ibytedtos.com
2d892144-b34d-4eb0-9228-0db7601b16b8,mega.nz
2f2c16fb-8a4c-4e1e-94c6-2938b532dcb9,indianbfvideos.com
7c1345b4-f239-4d01-8176-09385d44e528,poshantracker.in
019a0b55-0be3-76ff-b7a3-b099c761420b,samsungknox.com
01999298-3385-76d2-adf1-5041a610b0d8,cpanel.com
ea4a667c-0bc9-4e1b-9af8-81f91bdb389d,tamildhool.net
019867a0-2798-719a-ad54-90b71fc92f87,beautycase.fr
a0a917dd-ff6d-4f65-aa97-151f4d1e7b1f,hef.co.ke
01992888-2407-72a2-8aed-08b3d83a6158,bollyflix.faith
3f6fe4f9-26d1-4788-bb4a-212856525896,kolkataff.in
0198b16c-95f9-7749-8394-cf3396856a76,filmyfly.navy
01958e46-0170-7001-a3b0-595005e2f07d,scientificamerican.com
d8d8b8f6-8c52-4c5f-b425-7be7863bcf5d,jamfcloud.com
0199c281-0659-75cb-b5cf-ffa8c8730e82,tixcraft.com
019a24c2-4102-74ff-aa1d-87987c73b4b5,simpli.fi
0199f316-fa0d-72d8-9b43-10fb9864087e,meetup.com
019a35c6-9d06-709b-835c-b3dacd13252b,ovhcloud.com
01996443-b0fd-739c-b2d5-046a84271135,sciencemag.org
0197e3ec-8a96-717c-b169-3bab689bba76,jino.ru
01981a36-f6aa-742c-a5b1-324b31707af6,kingbokep.pro
0197cc14-e095-70a9-86a3-5a8164b5cb10,tripod.com
0199fd34-2466-71f3-ba35-5dd5c514b238,smi2.ru
0199b275-1187-7458-84e8-e5865b07d770,gizmodo.com
0198c240-e773-70ec-906b-c33263b6dd28,filmyzilla19.com
0198eba1-a206-778d-886d-53f19862eb10,hdhub4u.navy
0198a4c5-6334-756d-a1bd-3e494611fc94,5movierulz.salon
0198650c-e831-755f-b763-8145e440bbd6,filmyfly.reisen
0198e0cd-3476-73ed-b171-263570c950ad,videq.ws
01987ba8-c503-773f-943e-54cc3906aa2b,mp4moviez.holiday
01989d84-65f6-7653-b508-bf15aa56a291,moviesda12.com
019898a8-be9f-77bc-9793-2d2720fed613,videqview.com
0198c986-4313-7158-9a03-3270d6956b5d,utexas.edu
ae8f4bda-b554-47d5-9b7e-49b83a9b54c8,ezvizru.com
01998791-a67b-7282-b61d-b43573975516,truste.com
019a24ed-c259-72ca-ae16-bc7568bccfc3,bootstrapcdn.com
0195d8da-f527-7001-a0fc-a088d6e477d4,armgs.team
019a4080-b4c4-7483-9cc9-d85f52618e3c,jwplayer.com
019a0ad6-f3ea-760d-b5e4-abb0653e7e0e,docker.io
7c8e980f-6779-45d4-96aa-63b05f6f0a86,redditstatic.com
0199eaa3-0dde-777d-baea-14389c916eb9,expedia.com
0199f78c-f5ac-759e-95ba-7ca9b899c928,amap.com
01963a37-7093-755d-86cc-14c287036ca3,ucsd.edu
01993050-7a45-719e-a4e8-f03334295625,ftc.gov
019a342f-d6f2-71d3-9317-142b26c5cae3,loopme.me
019a1cae-a7e9-70bd-82ad-682230c95e6d,bitdefender.com
acb29247-ff5a-4e12-ba26-ca6c04eed827,immunet.com
0195a5c7-c36e-744b-89e5-1d562bd9a634,ntp.br
019a1624-73c0-764c-94bd-71577e0fc6e4,azure.net
019a25aa-8a0a-7435-a1a7-3cef9d26acc3,google.co.id
ea059aec-01c4-4186-a567-6217b19960f1,akamaitechnologies.com
01990ce6-bad0-7079-bbed-62b2351929cc,geocities.com
019a080c-3b89-72b8-87b4-3bc09a1b7033,stripe.network
0199a02f-4a2f-74e0-914c-8897eaaaf38b,connatix.com
019a01d4-793f-73b8-815b-95b3e2711083,udemy.com
4d55b384-3bdd-4684-87ba-335be9dd0e73,unmsapp.com
de6c73b7-0df7-4c8e-ba00-5f9c4b9e9200,yellowblue.io
b1990942-7517-4769-825c-1c9ab56de759,lfstrm.tv
01995998-68a8-7697-b5bf-e21dae839d1e,sky.com
019a2869-463d-747f-bb89-9489796bf8e2,xinhuanet.com
3352e20f-c590-4626-acdb-5ac0057232f6,gvt3.com
01996145-5714-7495-b194-003fa980e1d6,ns1p.net
019a24ce-75de-70ef-a242-87eed7f5f615,site.com
019a11cc-1147-760d-a726-3654d96e710c,evernote.com
